assessment_id,application_id,assessment_date,assessment_score,assessment_status
1,2,2026-07-06,77.45,Passed
2,7,2026-04-24,67.93,Passed
3,8,2026-07-01,79.72,Passed
4,10,2026-02-12,92.85,Passed
5,15,2026-05-28,66.49,Passed
6,18,2025-10-06,66.49,Passed
7,19,2026-06-26,93.69,Passed
8,23,2025-11-22,81.51,Passed
9,32,2026-02-04,62.96,Passed
10,34,2026-05-27,78.14,Passed
11,36,2026-03-15,63.05,Passed
12,41,2025-11-15,63.01,Passed
13,44,2025-12-10,73.63,Passed
14,45,2026-01-08,41.3,Failed
15,47,2026-02-17,44.13,Failed
16,50,2026-01-04,61.57,Passed
17,52,2026-02-13,54.81,Failed
18,54,2025-09-28,74.71,Passed
19,59,2026-05-16,56.38,Failed
20,63,2026-04-09,48.82,Failed
21,66,2025-12-17,91.98,Passed
22,68,2026-01-28,66.61,Passed
23,76,2025-11-15,71.01,Passed
24,95,2026-01-23,48.63,Failed
25,97,2026-01-18,61.83,Passed
26,98,2025-11-01,71.66,Passed
27,99,2026-04-13,52.74,Failed
28,104,2026-09-09,75.64,Passed
29,109,2025-10-14,60.99,Passed
30,111,2025-09-15,65.62,Passed
31,113,2026-03-19,60.97,Passed
32,114,2026-07-31,97.78,Passed
33,117,2026-08-22,69.8,Passed
34,119,2026-07-31,54.13,Failed
35,122,2026-04-12,82.34,Passed
36,127,2026-01-27,51.69,Failed
37,138,2026-04-15,73.13,Passed
38,142,2026-08-24,40.6,Failed
39,146,2026-01-25,50.08,Failed
40,149,2026-01-11,72.95,Passed
41,152,2026-04-26,81.08,Passed
42,155,2026-09-13,72.57,Passed
43,156,2025-12-04,68.27,Passed
44,157,2026-09-06,65.48,Passed
45,160,2026-08-06,47.82,Failed
46,164,2026-07-27,59.2,Failed
47,165,2025-11-27,63.09,Passed
48,166,2026-06-19,85.86,Passed
49,169,2026-08-19,75.15,Passed
50,172,2026-01-03,43.55,Failed
51,175,2026-02-26,74.86,Passed
52,183,2026-04-18,64.22,Passed
53,188,2026-08-21,59.85,Failed
54,192,2025-09-16,79.18,Passed
55,193,2025-12-01,85.46,Passed
56,199,2025-11-14,83.97,Passed
57,201,2026-09-15,57.41,Failed
58,202,2025-12-01,65.36,Passed
59,208,2026-01-21,74.97,Passed
60,214,2026-02-05,84.63,Passed
61,215,2026-01-19,62.81,Passed
62,220,2025-12-07,67.22,Passed
63,222,2026-05-12,53.4,Failed
64,225,2026-02-22,52.06,Failed
65,228,2026-03-13,82.19,Passed
66,230,2026-06-29,90.34,Passed
67,232,2025-12-30,68.92,Passed
68,234,2025-10-11,85.05,Passed
69,237,2025-12-07,75.42,Passed
70,238,2025-11-15,60.32,Passed
71,240,2026-08-01,75.42,Passed
72,248,2026-07-16,93.07,Passed
73,257,2026-08-29,69.46,Passed
74,260,2025-09-24,93.47,Passed
75,262,2026-02-10,30.7,Failed
76,264,2025-10-20,82.33,Passed
77,269,2026-03-09,71.31,Passed
78,270,2026-07-25,65.51,Passed
79,271,2026-02-28,71.38,Passed
80,282,2026-02-14,40.19,Failed
81,287,2025-12-19,66.7,Passed
82,290,2025-10-18,75.36,Passed
83,292,2025-11-22,92.17,Passed
84,305,2025-11-02,62.23,Passed
85,308,2025-10-14,57.87,Failed
86,313,2025-12-13,62.47,Passed
87,314,2026-04-21,83.73,Passed
88,315,2026-08-18,74.93,Passed
89,319,2026-05-10,62.05,Passed
90,320,2026-07-10,77.7,Passed
91,323,2026-03-07,71.46,Passed
92,324,2026-05-31,84.53,Passed
93,326,2026-02-20,59.47,Failed
94,328,2026-02-27,65.09,Passed
95,329,2025-11-30,64.12,Passed
96,334,2026-02-02,48.05,Failed
97,335,2026-01-06,74.44,Passed
98,340,2025-12-07,73.92,Passed
99,341,2026-01-26,70.08,Passed
100,347,2025-11-07,66.48,Passed
101,349,2025-12-02,48.77,Failed
102,350,2026-03-06,63.69,Passed
103,352,2026-02-14,64.86,Passed
104,358,2026-06-05,57.97,Failed
105,359,2026-04-16,67.58,Passed
106,361,2026-05-27,76.06,Passed
107,362,2026-03-20,98.29,Passed
108,363,2026-08-15,72.62,Passed
109,365,2026-07-26,73.86,Passed
110,366,2026-04-12,68.88,Passed
111,370,2026-05-16,41.22,Failed
112,372,2025-10-29,69.6,Passed
113,376,2025-12-12,70.9,Passed
114,380,2025-12-11,100.0,Passed
115,382,2026-04-09,67.11,Passed
116,388,2025-09-20,74.52,Passed
117,389,2025-12-10,69.48,Passed
118,390,2026-05-28,52.47,Failed
119,391,2026-07-03,87.14,Passed
120,392,2026-08-25,81.28,Passed
121,393,2026-08-06,81.87,Passed
122,394,2025-12-11,56.36,Failed
123,395,2025-12-11,91.04,Passed
124,396,2026-08-17,48.97,Failed
125,399,2025-10-27,78.8,Passed
126,402,2026-02-08,100.0,Passed
127,403,2026-07-09,55.14,Failed
128,405,2025-10-26,61.51,Passed
129,407,2026-09-01,71.49,Passed
130,413,2026-04-05,62.45,Passed
131,414,2026-06-07,46.74,Failed
132,415,2026-09-06,71.03,Passed
133,416,2025-11-11,54.07,Failed
134,422,2025-12-21,77.1,Passed
135,427,2026-02-10,56.21,Failed
136,428,2026-09-12,93.25,Passed
137,435,2026-01-29,58.25,Failed
138,438,2026-01-14,65.17,Passed
139,439,2026-04-22,82.2,Passed
140,446,2026-02-04,51.54,Failed
141,450,2025-10-14,73.41,Passed
142,453,2025-11-04,89.61,Passed
143,458,2026-05-11,45.89,Failed
144,460,2026-09-04,72.77,Passed
145,462,2025-12-16,73.9,Passed
146,467,2026-06-16,81.73,Passed
147,469,2026-01-06,51.45,Failed
148,472,2026-06-14,50.19,Failed
149,478,2026-01-26,77.83,Passed
150,482,2025-12-12,74.45,Passed
151,486,2025-12-17,73.76,Passed
152,489,2025-10-30,75.2,Passed
153,492,2025-12-15,59.8,Failed
154,494,2025-12-11,73.48,Passed
155,498,2025-11-09,74.4,Passed
156,502,2026-03-26,59.28,Failed
157,503,2026-09-19,97.99,Passed
158,506,2025-12-06,77.11,Passed
159,508,2026-08-03,52.13,Failed
160,516,2026-06-01,79.85,Passed
161,519,2025-11-11,55.38,Failed
162,522,2026-07-10,81.81,Passed
163,526,2026-07-02,87.38,Passed
164,527,2026-02-27,57.69,Failed
165,528,2026-01-10,84.45,Passed
166,532,2026-03-04,76.19,Passed
167,544,2025-11-20,82.33,Passed
168,545,2025-11-22,98.45,Passed
169,546,2026-04-21,66.32,Passed
170,548,2026-01-17,58.69,Failed
171,549,2026-08-24,56.66,Failed
172,552,2026-06-27,57.76,Failed
173,556,2026-08-02,68.84,Passed
174,565,2026-07-16,75.12,Passed
175,568,2026-04-27,74.15,Passed
176,577,2025-10-20,82.41,Passed
177,578,2026-06-16,70.2,Passed
178,579,2025-10-07,91.8,Passed
179,582,2026-02-10,66.03,Passed
180,586,2026-02-10,100.0,Passed
181,590,2026-04-30,79.39,Passed
182,591,2025-10-15,57.14,Failed
183,593,2026-03-24,53.94,Failed
184,596,2025-11-15,77.24,Passed
185,598,2026-04-24,66.65,Passed
186,599,2026-07-16,80.71,Passed
187,600,2026-05-23,77.1,Passed
188,602,2026-08-05,68.91,Passed
189,603,2026-01-06,57.3,Failed
190,606,2025-11-20,47.28,Failed
191,612,2026-04-06,63.3,Passed
192,614,2025-12-09,82.85,Passed
193,616,2026-05-12,73.21,Passed
194,621,2026-05-14,51.31,Failed
195,629,2026-08-24,72.6,Passed
196,634,2025-10-31,75.78,Passed
197,641,2026-02-11,56.74,Failed
198,642,2026-04-19,72.31,Passed
199,644,2026-04-20,70.87,Passed
200,646,2026-08-19,52.86,Failed
201,647,2026-02-24,75.37,Passed
202,651,2025-11-28,78.41,Passed
203,655,2026-08-07,86.25,Passed
204,656,2025-12-13,85.81,Passed
205,661,2026-03-24,49.33,Failed
206,669,2026-09-13,55.93,Failed
207,671,2026-01-22,77.73,Passed
208,680,2025-12-12,77.71,Passed
209,682,2026-07-28,77.73,Passed
210,683,2026-01-19,100.0,Passed
211,684,2026-03-26,78.56,Passed
212,686,2025-11-13,87.03,Passed
213,687,2026-08-15,84.31,Passed
214,691,2026-08-04,79.77,Passed
215,695,2026-03-04,65.27,Passed
216,699,2026-02-10,81.38,Passed
217,705,2025-12-21,58.41,Failed
218,706,2026-03-03,66.45,Passed
219,708,2026-09-04,62.72,Passed
220,709,2026-02-16,71.23,Passed
221,715,2026-04-06,100.0,Passed
222,718,2026-03-05,41.99,Failed
223,722,2026-08-24,80.29,Passed
224,724,2026-06-17,45.81,Failed
225,726,2026-02-18,62.92,Passed
226,727,2026-03-19,86.33,Passed
227,730,2026-09-05,70.96,Passed
228,731,2026-07-15,53.83,Failed
229,732,2026-06-08,59.27,Failed
230,738,2026-07-17,80.19,Passed
231,740,2026-04-10,59.04,Failed
232,742,2026-01-21,73.25,Passed
233,749,2026-05-11,70.68,Passed
234,753,2026-05-17,60.23,Passed
235,754,2026-08-05,100.0,Passed
236,756,2025-11-04,79.51,Passed
237,758,2026-03-08,39.62,Failed
238,759,2026-07-18,72.8,Passed
239,760,2026-02-10,60.07,Passed
240,765,2026-03-16,82.79,Passed
241,768,2025-10-05,58.11,Failed
242,770,2026-02-16,68.28,Passed
243,772,2026-09-14,77.57,Passed
244,776,2025-10-21,82.99,Passed
245,787,2026-06-16,52.0,Failed
246,790,2026-01-09,64.98,Passed
247,791,2026-04-01,62.88,Passed
248,792,2025-12-16,60.2,Passed
249,799,2026-02-12,96.48,Passed
250,804,2026-01-13,76.07,Passed
251,808,2026-05-17,51.09,Failed
252,809,2026-03-23,83.77,Passed
253,810,2026-07-03,100.0,Passed
254,811,2025-12-02,85.49,Passed
255,812,2026-01-04,47.21,Failed
256,817,2026-02-06,62.74,Passed
257,818,2025-09-28,89.0,Passed
258,821,2026-02-23,59.38,Failed
259,822,2025-12-07,76.66,Passed
260,826,2026-06-05,81.62,Passed
261,831,2026-04-28,56.1,Failed
262,832,2026-03-22,69.11,Passed
263,834,2026-01-27,21.38,Failed
264,835,2026-08-24,54.63,Failed
265,839,2026-05-27,66.21,Passed
266,847,2026-03-26,51.28,Failed
267,852,2026-03-31,94.49,Passed
268,853,2025-10-08,48.55,Failed
269,855,2026-03-10,63.4,Passed
270,856,2026-02-08,71.96,Passed
271,857,2025-11-18,91.62,Passed
272,860,2025-11-15,48.46,Failed
273,862,2026-07-02,87.45,Passed
274,863,2026-04-20,70.15,Passed
275,866,2026-05-07,55.28,Failed
276,869,2026-05-06,76.93,Passed
277,874,2025-10-06,72.99,Passed
278,877,2025-09-15,61.0,Passed
279,878,2025-09-23,71.05,Passed
280,881,2026-06-23,64.22,Passed
281,885,2025-10-19,71.7,Passed
282,888,2025-10-21,79.93,Passed
283,903,2026-03-05,93.79,Passed
284,905,2026-08-17,51.43,Failed
285,907,2026-01-12,100.0,Passed
286,910,2026-07-06,40.72,Failed
287,912,2026-08-24,67.72,Passed
288,918,2026-01-22,78.82,Passed
289,920,2026-04-03,74.21,Passed
290,923,2025-11-03,60.66,Passed
291,925,2026-08-07,66.88,Passed
292,934,2026-05-27,62.6,Passed
293,942,2025-09-19,61.16,Passed
294,943,2025-09-20,82.74,Passed
295,947,2026-04-06,75.36,Passed
296,955,2026-02-25,59.61,Failed
297,958,2026-03-27,83.49,Passed
298,961,2025-09-15,74.61,Passed
299,962,2026-08-17,82.19,Passed
300,963,2026-01-10,79.44,Passed
301,965,2025-09-28,57.57,Failed
302,968,2026-01-15,61.6,Passed
303,973,2026-02-21,81.21,Passed
304,980,2025-11-12,79.16,Passed
305,985,2026-06-13,69.69,Passed
306,998,2026-03-08,71.76,Passed
307,1003,2026-02-14,89.16,Passed
308,1006,2026-01-23,61.13,Passed
309,1011,2026-06-02,78.21,Passed
310,1012,2025-11-02,66.97,Passed
311,1013,2026-03-07,66.73,Passed
312,1014,2026-03-30,86.48,Passed
313,1028,2026-07-05,82.38,Passed
314,1030,2025-11-25,82.2,Passed
315,1031,2025-09-27,89.58,Passed
316,1038,2026-08-15,70.32,Passed
317,1046,2025-12-31,80.23,Passed
318,1049,2025-12-07,65.35,Passed
319,1059,2025-12-02,74.86,Passed
320,1063,2026-01-27,68.05,Passed
321,1073,2026-09-06,71.45,Passed
322,1082,2025-12-07,78.93,Passed
323,1083,2026-01-20,57.73,Failed
324,1087,2026-06-06,100.0,Passed
325,1089,2026-04-07,54.91,Failed
326,1098,2025-11-10,51.79,Failed
327,1099,2026-03-29,87.37,Passed
328,1101,2026-07-21,81.87,Passed
329,1102,2026-06-19,79.36,Passed
330,1104,2026-05-02,79.43,Passed
331,1105,2026-08-08,69.82,Passed
332,1108,2026-02-01,56.54,Failed
333,1110,2026-03-11,71.14,Passed
334,1111,2026-04-21,59.84,Failed
335,1117,2026-07-16,84.63,Passed
336,1118,2025-11-14,67.79,Passed
337,1124,2026-09-01,57.62,Failed
338,1126,2026-03-24,65.18,Passed
339,1128,2025-10-17,76.19,Passed
340,1129,2026-07-03,61.54,Passed
341,1131,2026-02-12,57.67,Failed
342,1140,2026-08-30,73.66,Passed
343,1141,2025-12-25,73.67,Passed
344,1143,2026-07-31,62.4,Passed
345,1145,2026-03-05,62.93,Passed
346,1147,2025-11-13,73.48,Passed
347,1150,2025-12-20,48.28,Failed
348,1151,2025-12-25,48.89,Failed
349,1155,2026-01-03,59.22,Failed
350,1158,2026-03-09,66.8,Passed
351,1160,2025-10-25,74.66,Passed
352,1162,2026-05-15,92.13,Passed
353,1164,2026-02-17,82.86,Passed
354,1166,2025-10-26,67.6,Passed
355,1167,2025-11-09,69.71,Passed
356,1168,2026-07-26,54.96,Failed
357,1170,2026-09-10,69.72,Passed
358,1172,2026-05-29,65.67,Passed
359,1187,2026-03-27,74.84,Passed
360,1188,2026-02-13,57.59,Failed
361,1192,2026-02-15,77.79,Passed
362,1197,2025-09-18,92.99,Passed
363,1199,2026-03-05,68.37,Passed
364,1200,2026-08-23,76.03,Passed
365,1202,2026-02-20,80.35,Passed
366,1203,2026-07-16,63.98,Passed
367,1204,2025-10-05,73.36,Passed
368,1209,2026-02-25,70.19,Passed
369,1211,2026-05-04,71.47,Passed
370,1214,2026-03-04,58.4,Failed
371,1220,2026-05-30,70.37,Passed
372,1223,2026-07-18,77.47,Passed
373,1229,2026-08-08,91.77,Passed
374,1230,2025-11-17,84.39,Passed
375,1236,2025-12-17,100.0,Passed
376,1238,2026-01-06,58.49,Failed
377,1241,2025-10-08,83.08,Passed
378,1247,2026-09-18,72.75,Passed
379,1248,2026-01-07,100.0,Passed
380,1250,2026-03-21,57.88,Failed
381,1254,2025-12-02,57.4,Failed
382,1255,2026-09-05,61.01,Passed
383,1256,2025-11-20,38.14,Failed
384,1257,2026-04-29,62.11,Passed
385,1262,2026-04-12,58.61,Failed
386,1271,2026-01-29,72.26,Passed
387,1273,2026-08-08,75.13,Passed
388,1275,2026-01-15,98.14,Passed
389,1282,2026-07-04,84.26,Passed
390,1283,2025-12-28,61.35,Passed
391,1290,2026-08-05,56.52,Failed
392,1291,2026-02-07,77.38,Passed
393,1297,2026-08-23,50.2,Failed
394,1300,2026-04-10,97.47,Passed
395,1306,2026-04-18,87.69,Passed
396,1307,2026-01-17,62.96,Passed
397,1312,2026-08-12,44.3,Failed
398,1313,2025-11-07,90.31,Passed
399,1322,2025-12-31,68.28,Passed
400,1325,2026-01-31,88.57,Passed
401,1326,2025-11-19,46.08,Failed
402,1327,2026-04-07,61.01,Passed
403,1328,2026-09-01,70.08,Passed
404,1329,2025-09-22,70.7,Passed
405,1330,2026-04-29,63.25,Passed
406,1340,2025-10-16,79.34,Passed
407,1342,2026-05-25,53.99,Failed
408,1343,2026-04-04,67.86,Passed
409,1344,2026-02-26,71.8,Passed
410,1346,2025-12-01,77.72,Passed
411,1347,2026-06-30,80.67,Passed
412,1350,2026-03-11,53.13,Failed
413,1352,2025-11-16,46.99,Failed
414,1355,2026-02-11,89.17,Passed
415,1356,2026-03-25,74.98,Passed
416,1361,2026-07-15,58.77,Failed
417,1369,2025-11-20,93.27,Passed
418,1373,2026-08-30,71.74,Passed
419,1379,2026-05-21,87.69,Passed
420,1386,2025-11-17,71.01,Passed
421,1387,2025-10-09,100.0,Passed
422,1388,2025-11-21,96.33,Passed
423,1391,2025-12-07,66.27,Passed
424,1396,2026-06-16,84.57,Passed
425,1399,2026-02-05,79.68,Passed
426,1400,2026-05-13,90.53,Passed
427,1409,2026-01-06,55.53,Failed
428,1411,2026-01-15,80.29,Passed
429,1418,2026-01-06,85.88,Passed
430,1425,2026-07-25,43.62,Failed
431,1427,2026-05-22,52.25,Failed
432,1430,2026-05-04,39.41,Failed
433,1434,2026-04-10,65.96,Passed
434,1440,2026-04-24,80.76,Passed
435,1443,2026-08-16,92.54,Passed
436,1449,2025-11-25,71.11,Passed
437,1450,2026-03-30,94.43,Passed
438,1452,2025-10-21,49.3,Failed
439,1458,2026-06-19,44.45,Failed
440,1459,2025-09-28,69.17,Passed
441,1462,2025-11-23,75.76,Passed
442,1463,2026-08-04,69.51,Passed
443,1470,2026-05-11,38.99,Failed
444,1471,2026-01-14,68.66,Passed
445,1482,2025-11-14,50.43,Failed
446,1483,2026-03-25,80.05,Passed
447,1486,2026-01-14,75.5,Passed
448,1488,2026-02-19,55.9,Failed
449,1490,2025-10-01,62.29,Passed
450,1491,2026-02-26,54.11,Failed
451,1492,2025-11-11,69.06,Passed
452,1493,2025-12-21,84.33,Passed
453,1498,2026-03-18,55.21,Failed
454,1499,2026-01-08,77.56,Passed
455,1504,2026-04-20,62.05,Passed
456,1508,2026-02-11,58.11,Failed
457,1509,2026-08-12,68.39,Passed
458,1510,2025-09-24,54.47,Failed
459,1511,2026-06-17,61.7,Passed
460,1514,2026-07-09,52.03,Failed
461,1516,2026-04-24,99.47,Passed
462,1517,2026-08-13,70.53,Passed
463,1526,2026-02-26,59.5,Failed
464,1528,2026-08-07,73.21,Passed
465,1530,2026-04-20,68.32,Passed
466,1531,2025-12-20,66.69,Passed
467,1533,2026-04-25,79.21,Passed
468,1534,2026-07-13,81.36,Passed
469,1535,2026-01-27,62.04,Passed
470,1539,2026-08-20,61.36,Passed
471,1544,2025-11-11,65.87,Passed
472,1549,2025-10-31,35.47,Failed
473,1557,2026-01-05,47.27,Failed
474,1559,2026-04-28,90.5,Passed
475,1561,2025-10-09,94.67,Passed
476,1562,2026-01-12,66.26,Passed
477,1563,2025-11-07,78.65,Passed
478,1564,2026-05-21,74.67,Passed
479,1565,2026-08-10,100.0,Passed
480,1571,2026-07-11,86.79,Passed
481,1572,2026-06-01,68.08,Passed
482,1575,2025-11-07,55.67,Failed
483,1587,2025-10-03,45.9,Failed
484,1592,2026-01-15,73.05,Passed
485,1593,2026-08-07,58.65,Failed
486,1594,2026-07-02,48.67,Failed
487,1595,2026-07-03,60.3,Passed
488,1599,2025-10-13,53.78,Failed
489,1601,2025-12-14,95.31,Passed
490,1603,2026-02-24,83.22,Passed
491,1605,2026-07-17,69.88,Passed
492,1612,2026-01-24,92.2,Passed
493,1613,2026-01-01,71.16,Passed
494,1615,2026-08-28,57.08,Failed
495,1621,2026-04-30,92.85,Passed
496,1622,2025-12-27,78.08,Passed
497,1625,2026-01-14,54.44,Failed
498,1627,2026-08-28,67.14,Passed
499,1630,2025-10-19,56.87,Failed
500,1631,2026-05-30,49.26,Failed
501,1633,2026-08-30,83.89,Passed
502,1638,2026-05-28,98.64,Passed
503,1640,2026-09-03,49.02,Failed
504,1655,2026-04-23,78.44,Passed
505,1658,2026-03-08,60.24,Passed
506,1660,2026-03-24,62.69,Passed
507,1665,2026-09-01,61.11,Passed
508,1673,2026-08-04,57.04,Failed
509,1677,2026-07-28,70.73,Passed
510,1679,2026-08-09,57.54,Failed
511,1687,2025-11-06,74.06,Passed
512,1690,2026-08-09,69.25,Passed
513,1692,2026-03-21,66.42,Passed
514,1696,2026-05-27,56.39,Failed
515,1699,2026-06-27,61.35,Passed
516,1701,2026-08-15,81.33,Passed
517,1707,2026-08-05,77.51,Passed
518,1710,2026-02-01,55.34,Failed
519,1711,2026-07-22,71.49,Passed
520,1717,2026-09-03,81.27,Passed
521,1719,2025-10-12,44.96,Failed
522,1725,2026-05-28,78.15,Passed
523,1727,2026-03-12,60.06,Passed
524,1729,2025-12-11,78.56,Passed
525,1731,2026-02-12,58.55,Failed
526,1735,2025-11-20,42.93,Failed
527,1737,2026-01-21,45.59,Failed
528,1738,2026-03-18,70.72,Passed
529,1744,2025-10-21,73.9,Passed
530,1746,2026-01-28,56.44,Failed
531,1755,2025-12-26,79.58,Passed
532,1758,2026-03-30,45.08,Failed
533,1760,2026-02-10,69.01,Passed
534,1762,2026-08-07,51.83,Failed
535,1770,2026-01-20,60.22,Passed
536,1771,2025-09-28,70.71,Passed
537,1772,2025-12-20,57.09,Failed
538,1773,2026-07-23,64.23,Passed
539,1775,2026-04-13,85.09,Passed
540,1776,2026-01-31,61.35,Passed
541,1777,2026-06-25,82.54,Passed
542,1780,2026-02-03,53.05,Failed
543,1781,2025-12-11,77.95,Passed
544,1782,2026-03-20,91.62,Passed
545,1785,2025-12-23,32.93,Failed
546,1786,2026-05-06,58.05,Failed
547,1788,2026-05-13,78.66,Passed
548,1790,2026-01-03,66.95,Passed
549,1792,2026-08-16,75.57,Passed
550,1794,2026-05-26,60.94,Passed
551,1798,2025-10-01,71.3,Passed
552,1799,2026-02-08,67.66,Passed
553,1800,2026-02-15,87.52,Passed
554,1803,2026-02-19,73.82,Passed
555,1810,2025-12-06,75.06,Passed
556,1827,2026-03-15,63.82,Passed
557,1829,2026-04-29,62.69,Passed
558,1836,2026-08-03,63.51,Passed
559,1838,2025-11-13,75.92,Passed
560,1841,2026-05-10,63.69,Passed
561,1845,2026-01-25,74.35,Passed
562,1846,2026-06-29,100.0,Passed
563,1849,2025-09-20,83.07,Passed
564,1853,2026-06-14,65.11,Passed
565,1858,2026-07-29,88.02,Passed
566,1860,2026-08-25,63.88,Passed
567,1861,2026-03-20,39.43,Failed
568,1863,2025-12-02,54.88,Failed
569,1877,2025-09-21,41.94,Failed
570,1882,2026-07-09,64.73,Passed
571,1885,2026-09-10,70.28,Passed
572,1889,2026-03-06,95.15,Passed
573,1894,2026-04-09,74.9,Passed
574,1895,2025-12-08,66.71,Passed
575,1897,2026-08-14,82.44,Passed
576,1903,2025-09-19,36.83,Failed
577,1906,2026-07-10,73.53,Passed
578,1914,2026-09-03,81.56,Passed
579,1916,2026-03-08,47.82,Failed
580,1923,2026-06-15,87.16,Passed
581,1924,2025-12-01,75.08,Passed
582,1925,2025-12-07,63.77,Passed
583,1926,2025-09-29,79.49,Passed
584,1928,2026-06-28,100.0,Passed
585,1929,2026-06-02,72.73,Passed
586,1932,2026-03-25,73.72,Passed
587,1933,2026-02-11,63.11,Passed
588,1935,2026-06-29,57.25,Failed
589,1936,2025-12-16,82.46,Passed
590,1937,2026-02-16,57.16,Failed
591,1943,2025-12-28,71.07,Passed
592,1945,2026-08-10,62.84,Passed
593,1946,2025-11-19,77.18,Passed
594,1947,2026-05-31,75.0,Passed
595,1948,2026-07-11,85.56,Passed
596,1952,2026-05-06,62.35,Passed
597,1954,2025-12-17,65.95,Passed
598,1956,2026-03-17,55.32,Failed
599,1963,2026-01-14,63.34,Passed
600,1965,2025-10-08,75.66,Passed
601,1966,2025-09-23,81.35,Passed
602,1970,2026-01-11,56.17,Failed
603,1971,2026-01-15,83.04,Passed
604,1979,2026-04-27,90.33,Passed
605,1982,2026-05-27,76.2,Passed
606,1983,2026-05-12,98.15,Passed
607,1985,2025-10-29,58.39,Failed
608,1987,2026-05-06,51.33,Failed
609,1990,2025-10-06,43.32,Failed
610,1991,2025-10-23,92.44,Passed
611,1995,2026-05-22,79.82,Passed
612,2000,2026-06-07,69.17,Passed
613,2003,2026-05-07,74.2,Passed
614,2006,2025-11-20,53.12,Failed
615,2007,2025-12-07,100.0,Passed
616,2008,2025-10-30,71.94,Passed
617,2016,2026-08-28,71.64,Passed
618,2021,2026-08-06,80.89,Passed
619,2022,2026-02-06,77.22,Passed
620,2030,2026-01-06,73.36,Passed
621,2032,2026-06-24,58.14,Failed
622,2033,2025-10-28,77.07,Passed
623,2036,2026-03-17,98.23,Passed
624,2038,2026-05-12,90.18,Passed
625,2039,2026-04-19,93.9,Passed
626,2042,2025-12-13,62.33,Passed
627,2044,2026-09-14,55.16,Failed
628,2047,2026-08-26,68.11,Passed
629,2051,2026-06-13,70.84,Passed
630,2056,2026-08-30,86.41,Passed
631,2057,2026-05-13,44.61,Failed
632,2062,2025-10-12,92.94,Passed
633,2065,2025-12-19,67.63,Passed
634,2071,2026-07-14,63.6,Passed
635,2072,2026-03-31,54.82,Failed
636,2074,2026-01-15,45.18,Failed
637,2078,2026-07-09,82.35,Passed
638,2081,2026-03-31,71.1,Passed
639,2089,2025-10-04,50.65,Failed
640,2090,2025-09-29,50.57,Failed
641,2091,2026-05-01,64.96,Passed
642,2093,2025-12-10,95.04,Passed
643,2099,2026-01-02,66.11,Passed
644,2100,2025-10-13,47.45,Failed
645,2102,2026-09-06,66.31,Passed
646,2104,2026-02-08,65.91,Passed
647,2108,2026-05-14,29.55,Failed
648,2109,2026-08-12,69.19,Passed
649,2112,2026-05-21,66.54,Passed
650,2114,2026-05-05,80.44,Passed
651,2115,2025-12-30,97.73,Passed
652,2117,2026-04-11,86.9,Passed
653,2118,2026-01-01,65.97,Passed
654,2120,2026-02-26,53.4,Failed
655,2125,2026-08-01,100.0,Passed
656,2129,2026-01-17,70.89,Passed
657,2131,2026-06-28,70.21,Passed
658,2132,2025-11-20,69.64,Passed
659,2133,2026-08-20,72.97,Passed
660,2135,2026-03-06,67.83,Passed
661,2142,2026-02-27,61.4,Passed
662,2143,2026-05-24,61.8,Passed
663,2149,2025-10-29,69.51,Passed
664,2150,2026-03-18,61.85,Passed
665,2157,2026-05-31,59.31,Failed
666,2169,2026-09-16,71.6,Passed
667,2171,2026-06-27,66.18,Passed
668,2172,2025-12-28,92.56,Passed
669,2174,2025-10-27,30.24,Failed
670,2175,2025-09-18,86.37,Passed
671,2176,2025-12-25,88.69,Passed
672,2183,2025-11-28,38.9,Failed
673,2184,2026-06-23,64.86,Passed
674,2197,2026-05-22,64.43,Passed
675,2199,2026-06-05,48.89,Failed
676,2207,2026-07-28,58.33,Failed
677,2208,2026-03-08,53.34,Failed
678,2209,2026-03-10,96.28,Passed
679,2218,2026-04-18,84.04,Passed
680,2223,2026-04-07,89.07,Passed
681,2225,2025-12-22,80.83,Passed
682,2228,2026-03-09,53.06,Failed
683,2230,2026-03-28,62.13,Passed
684,2233,2026-01-27,77.34,Passed
685,2234,2026-03-03,51.67,Failed
686,2238,2025-10-06,80.69,Passed
687,2239,2026-04-18,66.4,Passed
688,2240,2026-04-04,64.38,Passed
689,2245,2026-09-14,80.66,Passed
690,2248,2025-12-29,76.66,Passed
691,2249,2026-06-03,64.59,Passed
692,2252,2026-07-13,87.39,Passed
693,2262,2025-11-21,53.78,Failed
694,2270,2025-11-09,79.24,Passed
695,2273,2026-07-20,78.9,Passed
696,2282,2025-11-10,65.36,Passed
697,2284,2026-02-19,74.89,Passed
698,2287,2026-05-11,51.23,Failed
699,2290,2025-12-13,83.86,Passed
700,2294,2025-09-13,67.23,Passed
701,2298,2026-07-04,62.16,Passed
702,2301,2026-01-01,85.74,Passed
703,2303,2026-08-09,59.43,Failed
704,2307,2026-04-04,48.87,Failed
705,2308,2026-06-08,46.65,Failed
706,2311,2026-09-05,79.09,Passed
707,2314,2025-11-14,50.79,Failed
708,2324,2026-07-28,96.32,Passed
709,2325,2026-03-26,38.77,Failed
710,2332,2025-10-03,95.45,Passed
711,2338,2026-01-20,73.17,Passed
712,2339,2025-12-07,68.55,Passed
713,2343,2026-02-16,61.83,Passed
714,2345,2026-05-24,75.99,Passed
715,2347,2025-12-19,69.44,Passed
716,2349,2026-04-02,86.55,Passed
717,2351,2025-12-27,71.71,Passed
718,2352,2026-08-23,72.25,Passed
719,2353,2026-03-26,64.55,Passed
720,2354,2026-02-07,69.15,Passed
721,2357,2026-06-21,74.62,Passed
722,2360,2026-08-13,44.35,Failed
723,2366,2026-08-19,49.78,Failed
724,2367,2026-08-30,81.15,Passed
725,2368,2026-06-03,72.56,Passed
726,2374,2026-08-30,67.24,Passed
727,2385,2025-12-26,70.28,Passed
728,2399,2026-05-31,75.21,Passed
729,2405,2025-12-07,61.9,Passed
730,2406,2026-03-01,58.33,Failed
731,2418,2025-12-25,72.94,Passed
732,2422,2026-05-22,55.32,Failed
733,2423,2026-07-16,76.12,Passed
734,2424,2026-06-26,44.46,Failed
735,2429,2025-12-06,85.44,Passed
736,2431,2026-06-03,77.09,Passed
737,2434,2026-07-31,73.84,Passed
738,2438,2026-02-13,84.74,Passed
739,2440,2025-10-21,94.98,Passed
740,2443,2026-08-17,85.22,Passed
741,2450,2026-02-15,42.39,Failed
742,2451,2026-03-18,50.81,Failed
743,2453,2026-04-02,60.63,Passed
744,2454,2025-09-24,70.39,Passed
745,2455,2026-04-24,77.76,Passed
746,2456,2025-10-20,59.11,Failed
747,2458,2026-08-27,72.8,Passed
748,2461,2026-01-14,58.67,Failed
749,2468,2025-11-18,60.83,Passed
750,2469,2026-01-01,48.9,Failed
751,2472,2026-03-22,56.15,Failed
752,2479,2026-07-25,49.72,Failed
753,2482,2026-09-20,55.36,Failed
754,2488,2026-03-08,85.8,Passed
755,2490,2026-08-27,55.76,Failed
756,2495,2026-04-03,100.0,Passed
757,2503,2025-09-20,77.4,Passed
758,2504,2026-04-04,72.77,Passed
759,2508,2026-08-28,57.12,Failed
760,2512,2026-01-10,80.5,Passed
761,2516,2026-02-08,61.37,Passed
762,2518,2026-06-01,71.83,Passed
763,2520,2026-04-30,100.0,Passed
764,2522,2026-01-04,68.56,Passed
765,2528,2026-03-17,87.24,Passed
766,2529,2026-03-18,59.45,Failed
767,2530,2026-04-17,69.48,Passed
768,2531,2026-08-12,96.56,Passed
769,2538,2026-07-06,60.6,Passed
770,2543,2026-05-08,97.19,Passed
771,2545,2026-08-21,80.62,Passed
772,2549,2026-03-21,61.56,Passed
773,2563,2026-08-14,79.49,Passed
774,2567,2026-07-01,84.59,Passed
775,2569,2026-08-13,79.33,Passed
776,2570,2026-02-03,46.45,Failed
777,2571,2026-06-30,59.09,Failed
778,2573,2026-09-14,66.29,Passed
779,2576,2026-02-14,68.88,Passed
780,2577,2025-12-30,79.31,Passed
781,2579,2026-02-15,72.67,Passed
782,2580,2026-08-06,49.97,Failed
783,2582,2026-03-12,75.7,Passed
784,2583,2025-10-21,79.16,Passed
785,2584,2026-01-07,78.4,Passed
786,2585,2026-01-05,86.21,Passed
787,2587,2026-06-11,82.51,Passed
788,2590,2026-08-18,76.89,Passed
789,2591,2025-09-22,68.95,Passed
790,2600,2026-04-20,45.09,Failed
791,2604,2026-02-22,76.44,Passed
792,2617,2026-03-30,73.12,Passed
793,2619,2026-02-07,74.07,Passed
794,2626,2026-07-16,50.85,Failed
795,2629,2025-10-09,53.78,Failed
796,2637,2025-12-19,85.8,Passed
797,2638,2026-04-04,69.41,Passed
798,2640,2026-07-23,80.22,Passed
799,2644,2026-02-15,70.42,Passed
800,2646,2026-06-25,70.45,Passed
801,2662,2026-02-27,84.07,Passed
802,2666,2026-06-22,62.26,Passed
803,2667,2025-10-11,71.44,Passed
804,2670,2025-12-12,63.07,Passed
805,2676,2026-03-24,63.48,Passed
806,2679,2025-12-21,65.36,Passed
807,2680,2025-12-17,73.33,Passed
808,2681,2026-03-16,62.82,Passed
809,2684,2026-02-19,88.84,Passed
810,2688,2026-05-18,56.58,Failed
811,2689,2025-11-20,67.2,Passed
812,2691,2026-05-29,63.4,Passed
813,2692,2026-05-25,91.7,Passed
814,2693,2025-10-02,72.95,Passed
815,2695,2026-03-03,85.48,Passed
816,2696,2026-03-21,47.72,Failed
817,2698,2026-02-16,74.01,Passed
818,2702,2026-02-24,83.34,Passed
819,2705,2026-03-01,71.23,Passed
820,2713,2025-10-13,85.98,Passed
821,2718,2026-02-21,62.24,Passed
822,2720,2026-01-15,91.14,Passed
823,2721,2026-01-29,100.0,Passed
824,2723,2026-09-02,64.56,Passed
825,2724,2025-11-18,63.32,Passed
826,2728,2026-03-07,91.8,Passed
827,2730,2026-04-14,93.69,Passed
828,2731,2026-07-11,62.16,Passed
829,2733,2026-03-20,63.7,Passed
830,2735,2025-12-10,65.77,Passed
831,2736,2026-05-03,49.83,Failed
832,2737,2026-08-14,56.22,Failed
833,2740,2026-01-17,54.94,Failed
834,2743,2026-01-29,58.48,Failed
835,2746,2026-06-27,69.48,Passed
836,2747,2026-06-22,73.51,Passed
837,2749,2026-04-23,93.26,Passed
838,2751,2026-09-19,55.02,Failed
839,2755,2026-04-06,84.76,Passed
840,2756,2026-05-14,66.79,Passed
841,2757,2025-11-24,69.26,Passed
842,2761,2025-10-07,80.12,Passed
843,2763,2026-03-02,53.16,Failed
844,2765,2026-08-19,75.74,Passed
845,2766,2026-07-31,72.5,Passed
846,2767,2025-11-20,77.39,Passed
847,2768,2026-09-14,74.34,Passed
848,2769,2026-04-16,100.0,Passed
849,2770,2026-06-25,60.43,Passed
850,2771,2025-12-22,62.04,Passed
851,2775,2026-05-02,60.65,Passed
852,2778,2026-06-07,61.67,Passed
853,2786,2025-11-28,60.44,Passed
854,2788,2026-03-28,87.84,Passed
855,2791,2025-10-01,91.31,Passed
856,2792,2026-02-22,61.44,Passed
857,2796,2026-04-28,57.51,Failed
858,2797,2025-10-30,77.07,Passed
859,2798,2026-01-26,61.72,Passed
860,2799,2025-10-27,79.49,Passed
861,2803,2026-08-03,73.04,Passed
862,2804,2026-03-29,47.26,Failed
863,2806,2026-06-09,93.21,Passed
864,2810,2026-05-14,96.94,Passed
865,2816,2026-05-27,60.81,Passed
866,2819,2025-10-31,64.18,Passed
867,2820,2026-06-04,74.29,Passed
868,2821,2026-05-01,75.02,Passed
869,2824,2026-03-22,79.88,Passed
870,2825,2026-01-04,100.0,Passed
871,2832,2026-04-26,67.35,Passed
872,2835,2026-04-24,58.03,Failed
873,2840,2025-12-01,49.31,Failed
874,2842,2026-04-13,59.04,Failed
875,2852,2026-03-28,69.5,Passed
876,2858,2026-01-31,96.92,Passed
877,2861,2026-04-01,62.24,Passed
878,2864,2025-10-05,73.36,Passed
879,2866,2025-12-15,69.75,Passed
880,2870,2026-04-15,87.83,Passed
881,2871,2026-01-16,100.0,Passed
882,2872,2026-09-05,62.04,Passed
883,2875,2026-01-17,62.66,Passed
884,2886,2026-02-10,85.66,Passed
885,2887,2026-03-18,80.23,Passed
886,2890,2026-06-08,97.7,Passed
887,2893,2026-01-03,78.76,Passed
888,2898,2025-09-21,64.61,Passed
889,2900,2026-02-27,78.86,Passed
890,2902,2026-04-27,86.63,Passed
891,2904,2025-09-22,82.31,Passed
892,2906,2026-03-21,77.61,Passed
893,2908,2026-09-12,86.0,Passed
894,2913,2026-08-06,87.54,Passed
895,2914,2026-05-11,90.73,Passed
896,2915,2025-12-22,79.73,Passed
897,2916,2026-04-02,67.49,Passed
898,2922,2026-06-28,72.2,Passed
899,2923,2026-08-14,88.1,Passed
900,2929,2026-04-03,57.75,Failed
901,2932,2025-12-24,75.53,Passed
902,2933,2025-09-18,64.1,Passed
903,2935,2026-02-22,70.43,Passed
904,2939,2026-05-02,89.18,Passed
905,2941,2025-09-20,72.87,Passed
906,2942,2026-04-17,70.7,Passed
907,2948,2026-04-08,49.6,Failed
908,2950,2025-09-23,81.19,Passed
909,2954,2025-10-02,79.68,Passed
910,2964,2025-10-25,100.0,Passed
911,2967,2026-04-18,65.38,Passed
912,2970,2026-06-12,73.29,Passed
913,2971,2025-10-24,73.74,Passed
914,2974,2026-01-29,93.66,Passed
915,2977,2026-02-04,68.57,Passed
916,2978,2026-08-29,74.19,Passed
917,2987,2025-11-09,79.12,Passed
918,2989,2025-09-28,72.8,Passed
919,2990,2026-04-29,63.3,Passed
920,2991,2025-11-14,72.91,Passed
921,2992,2026-01-04,86.1,Passed
922,2993,2026-01-26,54.6,Failed
923,2995,2025-09-22,71.99,Passed
924,3005,2026-06-30,59.5,Failed
925,3011,2026-01-23,87.93,Passed
926,3013,2026-08-09,47.15,Failed
927,3014,2026-06-20,61.62,Passed
928,3016,2025-11-29,75.66,Passed
929,3026,2026-03-29,93.48,Passed
930,3028,2026-08-21,69.01,Passed
931,3031,2026-08-07,61.67,Passed
932,3032,2026-04-24,98.22,Passed
933,3033,2025-12-27,48.28,Failed
934,3035,2026-08-26,37.02,Failed
935,3046,2026-09-09,76.6,Passed
936,3055,2026-03-10,62.47,Passed
937,3056,2026-05-23,54.68,Failed
938,3061,2025-12-13,80.63,Passed
939,3066,2026-07-05,73.66,Passed
940,3069,2026-06-20,61.54,Passed
941,3074,2026-09-07,50.8,Failed
942,3076,2025-10-31,83.09,Passed
943,3077,2026-08-22,79.75,Passed
944,3078,2025-12-29,68.51,Passed
945,3080,2026-01-12,97.7,Passed
946,3081,2026-05-31,53.95,Failed
947,3084,2025-09-17,47.12,Failed
948,3090,2025-11-07,59.62,Failed
949,3092,2026-01-28,69.32,Passed
950,3094,2026-05-18,73.65,Passed
951,3097,2026-09-05,66.38,Passed
952,3098,2025-12-20,75.28,Passed
953,3101,2026-02-05,51.23,Failed
954,3106,2026-06-21,91.66,Passed
955,3107,2026-01-21,68.77,Passed
956,3109,2026-08-01,86.76,Passed
957,3110,2026-02-15,75.14,Passed
958,3112,2026-04-01,76.85,Passed
959,3113,2026-01-16,78.55,Passed
960,3115,2026-07-17,76.72,Passed
961,3117,2026-04-05,79.64,Passed
962,3120,2026-07-01,89.94,Passed
963,3122,2026-08-13,72.95,Passed
964,3124,2026-03-12,80.64,Passed
965,3134,2026-02-07,68.65,Passed
966,3135,2026-01-02,91.6,Passed
967,3137,2025-10-01,59.85,Failed
968,3139,2025-12-15,97.01,Passed
969,3140,2026-05-10,69.4,Passed
970,3141,2026-07-31,48.54,Failed
971,3145,2026-07-27,71.92,Passed
972,3146,2026-02-22,59.78,Failed
973,3147,2025-09-25,82.61,Passed
974,3155,2026-08-12,60.21,Passed
975,3156,2025-10-01,63.31,Passed
976,3161,2025-10-30,41.66,Failed
977,3165,2026-07-05,63.22,Passed
978,3168,2026-07-16,33.64,Failed
979,3169,2025-11-04,46.24,Failed
980,3172,2026-05-25,81.41,Passed
981,3173,2025-11-02,81.79,Passed
982,3177,2026-08-25,76.38,Passed
983,3178,2025-10-29,55.5,Failed
984,3192,2025-11-20,69.28,Passed
985,3193,2025-11-08,69.95,Passed
986,3194,2026-01-30,52.62,Failed
987,3195,2025-11-12,92.55,Passed
988,3196,2026-05-01,83.16,Passed
989,3200,2026-01-05,66.69,Passed
990,3212,2026-08-10,70.4,Passed
991,3217,2026-03-01,73.13,Passed
992,3220,2026-07-02,39.37,Failed
993,3221,2026-06-19,66.29,Passed
994,3222,2026-04-19,59.77,Failed
995,3223,2025-12-07,54.98,Failed
996,3226,2026-04-03,65.78,Passed
997,3230,2026-08-19,96.97,Passed
998,3237,2025-10-09,79.61,Passed
999,3239,2026-07-24,61.43,Passed
1000,3253,2026-04-24,78.59,Passed
1001,3255,2026-03-17,90.99,Passed
1002,3259,2026-04-26,83.87,Passed
1003,3260,2026-06-13,70.89,Passed
1004,3272,2026-04-29,60.3,Passed
1005,3274,2025-10-19,80.47,Passed
1006,3276,2025-11-08,75.9,Passed
1007,3278,2026-05-24,83.43,Passed
1008,3279,2026-08-06,79.53,Passed
1009,3286,2025-11-05,85.74,Passed
1010,3291,2025-11-12,61.97,Passed
1011,3292,2025-12-20,89.76,Passed
1012,3293,2025-12-26,72.96,Passed
1013,3299,2026-05-19,100.0,Passed
1014,3301,2025-10-14,59.66,Failed
1015,3303,2025-10-30,96.04,Passed
1016,3304,2025-12-24,72.97,Passed
1017,3305,2025-10-15,60.23,Passed
1018,3307,2025-10-28,62.74,Passed
1019,3311,2026-04-16,65.19,Passed
1020,3312,2026-07-05,76.36,Passed
1021,3314,2026-02-06,77.84,Passed
1022,3316,2026-02-20,61.39,Passed
1023,3318,2025-12-11,69.63,Passed
1024,3330,2026-02-11,100.0,Passed
1025,3336,2025-09-15,95.91,Passed
1026,3337,2025-11-23,76.54,Passed
1027,3340,2026-08-30,70.57,Passed
1028,3357,2026-06-12,71.8,Passed
1029,3364,2025-12-07,79.2,Passed
1030,3368,2026-05-18,54.66,Failed
1031,3378,2026-07-25,66.14,Passed
1032,3381,2026-06-24,44.97,Failed
1033,3383,2026-06-01,75.99,Passed
1034,3404,2026-05-06,79.71,Passed
1035,3411,2026-07-13,62.75,Passed
1036,3415,2025-11-29,93.61,Passed
1037,3418,2025-11-21,51.61,Failed
1038,3419,2026-06-29,48.03,Failed
1039,3421,2026-03-06,73.37,Passed
1040,3422,2025-12-28,85.71,Passed
1041,3423,2026-06-15,95.26,Passed
1042,3427,2025-09-27,63.12,Passed
1043,3428,2026-07-25,86.18,Passed
1044,3429,2026-01-18,69.42,Passed
1045,3432,2026-04-30,67.41,Passed
1046,3433,2026-05-31,83.25,Passed
1047,3440,2026-09-10,79.78,Passed
1048,3441,2025-11-30,46.35,Failed
1049,3442,2025-11-05,92.15,Passed
1050,3454,2026-01-30,90.7,Passed
1051,3455,2026-06-12,60.62,Passed
1052,3458,2026-07-28,75.94,Passed
1053,3461,2026-05-19,77.41,Passed
1054,3463,2026-07-02,73.91,Passed
1055,3465,2025-11-07,61.75,Passed
1056,3468,2026-09-03,59.93,Failed
1057,3470,2026-06-23,69.62,Passed
1058,3473,2026-05-24,87.59,Passed
1059,3475,2025-09-18,78.15,Passed
1060,3477,2025-09-24,64.44,Passed
1061,3482,2025-10-21,81.58,Passed
1062,3486,2025-10-21,27.27,Failed
1063,3492,2026-03-15,87.23,Passed
1064,3496,2026-03-24,43.9,Failed
1065,3497,2025-12-07,64.56,Passed
1066,3498,2026-02-27,53.2,Failed
1067,3504,2026-03-05,50.58,Failed
1068,3508,2026-03-10,87.41,Passed
1069,3514,2025-11-13,62.98,Passed
1070,3519,2026-05-07,75.2,Passed
1071,3520,2025-09-22,69.3,Passed
1072,3526,2026-08-11,77.16,Passed
1073,3531,2026-03-11,71.15,Passed
1074,3532,2026-04-05,50.76,Failed
1075,3534,2026-02-09,84.94,Passed
1076,3539,2026-05-04,62.59,Passed
1077,3542,2025-11-29,46.65,Failed
1078,3547,2025-11-16,63.58,Passed
1079,3549,2026-02-11,92.51,Passed
1080,3550,2025-12-26,82.75,Passed
1081,3554,2025-11-06,64.77,Passed
1082,3558,2025-09-26,64.76,Passed
1083,3559,2026-08-02,65.18,Passed
1084,3569,2025-10-19,100.0,Passed
1085,3579,2026-03-26,75.73,Passed
1086,3584,2026-05-27,76.45,Passed
1087,3588,2026-04-17,85.45,Passed
1088,3592,2025-10-30,73.58,Passed
1089,3593,2025-12-31,66.11,Passed
1090,3595,2026-05-07,67.05,Passed
1091,3599,2025-11-29,68.93,Passed
1092,3601,2025-10-21,69.44,Passed
1093,3604,2026-04-18,80.91,Passed
1094,3611,2026-06-21,70.78,Passed
1095,3621,2026-08-27,80.99,Passed
1096,3625,2026-08-12,68.79,Passed
1097,3626,2026-05-31,71.18,Passed
1098,3628,2026-04-25,40.03,Failed
1099,3630,2026-09-08,83.74,Passed
1100,3632,2026-08-19,75.2,Passed
1101,3635,2026-06-09,84.97,Passed
1102,3639,2026-07-03,26.56,Failed
1103,3640,2026-05-15,100.0,Passed
1104,3644,2026-09-14,67.91,Passed
1105,3645,2026-09-01,86.62,Passed
1106,3647,2026-01-14,54.4,Failed
1107,3651,2026-05-23,79.19,Passed
1108,3658,2026-04-08,54.2,Failed
1109,3664,2026-08-07,60.64,Passed
1110,3667,2026-06-10,98.71,Passed
1111,3673,2025-11-16,67.14,Passed
1112,3674,2026-04-09,73.26,Passed
1113,3675,2026-04-02,83.05,Passed
1114,3676,2025-12-05,77.44,Passed
1115,3677,2026-01-10,72.26,Passed
1116,3680,2026-07-04,75.47,Passed
1117,3686,2025-11-17,100.0,Passed
1118,3688,2025-12-08,69.14,Passed
1119,3690,2026-07-09,73.02,Passed
1120,3691,2026-01-11,85.76,Passed
1121,3692,2025-11-16,86.58,Passed
1122,3693,2025-11-28,87.81,Passed
1123,3697,2026-03-05,79.58,Passed
1124,3700,2026-08-13,52.85,Failed
1125,3704,2026-01-25,94.5,Passed
1126,3708,2026-05-24,52.8,Failed
1127,3712,2026-06-13,74.54,Passed
1128,3715,2026-05-12,58.69,Failed
1129,3718,2026-01-03,69.04,Passed
1130,3721,2026-04-27,74.93,Passed
1131,3727,2025-10-22,74.82,Passed
1132,3729,2026-06-24,76.33,Passed
1133,3735,2026-08-04,94.21,Passed
1134,3743,2026-09-13,76.8,Passed
1135,3745,2025-11-21,66.34,Passed
1136,3747,2026-03-23,84.46,Passed
1137,3748,2026-01-07,87.84,Passed
1138,3751,2026-06-19,51.59,Failed
1139,3756,2026-01-12,78.96,Passed
1140,3763,2026-04-25,80.52,Passed
1141,3767,2025-10-31,65.54,Passed
1142,3768,2026-03-25,90.64,Passed
1143,3769,2026-01-15,67.75,Passed
1144,3770,2026-05-04,71.88,Passed
1145,3772,2026-08-30,67.4,Passed
1146,3778,2026-05-07,70.23,Passed
1147,3781,2026-09-11,53.56,Failed
1148,3783,2025-10-15,48.4,Failed
1149,3786,2026-05-10,93.92,Passed
1150,3788,2025-10-23,57.3,Failed
1151,3789,2025-12-16,55.13,Failed
1152,3797,2025-10-29,37.7,Failed
1153,3798,2025-11-21,60.42,Passed
1154,3799,2026-02-01,50.15,Failed
1155,3802,2026-01-12,94.63,Passed
1156,3804,2026-01-30,85.15,Passed
1157,3806,2026-08-17,59.68,Failed
1158,3809,2026-04-26,100.0,Passed
1159,3813,2025-12-24,84.73,Passed
1160,3821,2026-09-16,65.13,Passed
1161,3823,2026-01-20,32.51,Failed
1162,3824,2026-04-01,100.0,Passed
1163,3827,2026-02-08,49.16,Failed
1164,3828,2025-12-06,45.32,Failed
1165,3831,2026-05-03,85.34,Passed
1166,3832,2025-12-28,100.0,Passed
1167,3845,2026-03-26,90.76,Passed
1168,3849,2026-03-15,78.46,Passed
1169,3850,2025-09-25,78.92,Passed
1170,3851,2026-07-04,82.8,Passed
1171,3853,2026-04-05,81.38,Passed
1172,3854,2026-02-23,74.22,Passed
1173,3856,2025-12-12,71.56,Passed
1174,3858,2026-03-18,69.06,Passed
1175,3862,2026-04-24,58.69,Failed
1176,3866,2026-08-23,65.79,Passed
1177,3867,2026-05-27,44.61,Failed
1178,3869,2026-06-04,68.52,Passed
1179,3877,2025-10-24,55.17,Failed
1180,3878,2026-01-30,53.45,Failed
1181,3880,2025-09-30,72.7,Passed
1182,3885,2026-05-19,90.88,Passed
1183,3889,2026-04-20,83.77,Passed
1184,3890,2026-08-14,46.44,Failed
1185,3899,2026-05-17,55.16,Failed
1186,3900,2025-12-07,84.11,Passed
1187,3901,2026-07-22,55.26,Failed
1188,3915,2026-07-22,66.63,Passed
1189,3917,2026-08-12,78.25,Passed
1190,3918,2026-08-18,55.47,Failed
1191,3919,2025-10-21,71.58,Passed
1192,3924,2026-03-23,49.99,Failed
1193,3925,2025-10-08,60.98,Passed
1194,3926,2026-04-03,74.8,Passed
1195,3929,2026-08-05,46.11,Failed
1196,3933,2026-02-28,76.61,Passed
1197,3934,2026-09-02,69.71,Passed
1198,3936,2026-06-27,78.29,Passed
1199,3938,2025-09-25,73.36,Passed
1200,3939,2026-03-06,90.46,Passed
1201,3944,2026-03-04,71.88,Passed
1202,3953,2025-11-20,63.56,Passed
1203,3966,2026-06-25,71.83,Passed
1204,3974,2025-10-14,78.15,Passed
1205,3976,2026-04-05,70.73,Passed
1206,3979,2026-02-22,70.61,Passed
1207,3980,2026-07-11,59.47,Failed
1208,3991,2025-10-06,60.06,Passed
1209,3992,2026-07-20,48.96,Failed
1210,3997,2026-04-04,96.24,Passed
1211,3999,2026-08-26,51.34,Failed
1212,4001,2026-07-10,59.61,Failed
1213,4007,2025-12-06,59.22,Failed
1214,4008,2026-07-03,83.42,Passed
1215,4009,2026-03-29,65.58,Passed
1216,4012,2025-10-24,88.72,Passed
1217,4013,2026-05-07,59.9,Failed
1218,4020,2025-11-23,74.18,Passed
1219,4022,2025-10-10,57.47,Failed
1220,4023,2026-02-01,100.0,Passed
1221,4024,2026-03-20,52.19,Failed
1222,4027,2026-02-17,74.65,Passed
1223,4030,2025-12-24,79.51,Passed
1224,4031,2026-06-22,76.21,Passed
1225,4033,2026-04-03,67.22,Passed
1226,4037,2025-11-25,68.05,Passed
1227,4040,2026-07-07,70.66,Passed
1228,4042,2025-11-28,67.79,Passed
1229,4047,2026-06-05,84.46,Passed
1230,4054,2026-03-05,100.0,Passed
1231,4056,2026-01-12,61.64,Passed
1232,4063,2026-01-22,49.45,Failed
1233,4064,2026-01-29,68.68,Passed
1234,4065,2025-12-25,100.0,Passed
1235,4072,2025-11-30,57.94,Failed
1236,4073,2026-05-24,94.59,Passed
1237,4074,2025-11-17,95.17,Passed
1238,4075,2026-02-23,61.7,Passed
1239,4077,2026-07-01,78.53,Passed
1240,4083,2025-12-29,94.43,Passed
1241,4087,2026-05-09,64.31,Passed
1242,4090,2025-11-09,66.95,Passed
1243,4091,2026-07-21,61.27,Passed
1244,4093,2026-05-14,54.78,Failed
1245,4095,2025-12-10,60.26,Passed
1246,4098,2026-06-22,51.64,Failed
1247,4102,2026-05-27,70.51,Passed
1248,4108,2026-07-29,58.45,Failed
1249,4109,2026-05-25,73.51,Passed
1250,4110,2026-07-26,46.66,Failed
1251,4115,2025-12-11,74.96,Passed
1252,4116,2026-02-22,82.5,Passed
1253,4117,2026-03-24,40.09,Failed
1254,4123,2026-02-15,75.61,Passed
1255,4127,2025-11-25,88.42,Passed
1256,4129,2025-10-09,51.86,Failed
1257,4133,2026-08-14,95.09,Passed
1258,4136,2025-11-08,76.29,Passed
1259,4137,2026-01-02,59.42,Failed
1260,4141,2026-08-18,69.16,Passed
1261,4146,2026-06-07,78.37,Passed
1262,4148,2025-09-25,71.14,Passed
1263,4149,2026-07-01,78.08,Passed
1264,4157,2026-08-31,56.19,Failed
1265,4161,2025-11-09,72.54,Passed
1266,4163,2026-08-22,48.79,Failed
1267,4164,2026-08-10,68.33,Passed
1268,4169,2026-07-27,56.44,Failed
1269,4173,2026-05-03,58.97,Failed
1270,4181,2026-03-06,88.54,Passed
1271,4184,2026-03-22,86.37,Passed
1272,4189,2026-02-06,79.14,Passed
1273,4190,2026-01-01,53.62,Failed
1274,4197,2025-11-06,65.25,Passed
1275,4198,2026-08-28,88.2,Passed
1276,4207,2025-11-27,72.13,Passed
1277,4209,2025-10-07,100.0,Passed
1278,4212,2025-12-03,75.9,Passed
1279,4214,2025-09-30,72.88,Passed
1280,4216,2026-02-17,65.36,Passed
1281,4217,2026-09-10,72.0,Passed
1282,4219,2025-11-18,67.71,Passed
1283,4220,2026-09-11,80.62,Passed
1284,4228,2026-04-16,84.35,Passed
1285,4234,2026-04-04,58.21,Failed
1286,4235,2026-02-26,50.03,Failed
1287,4236,2026-01-24,42.46,Failed
1288,4237,2026-02-21,77.62,Passed
1289,4246,2026-02-06,53.45,Failed
1290,4248,2026-03-12,37.71,Failed
1291,4249,2026-07-15,75.83,Passed
1292,4257,2026-08-19,100.0,Passed
1293,4268,2026-06-10,69.91,Passed
1294,4275,2026-01-13,82.58,Passed
1295,4281,2025-09-18,71.23,Passed
1296,4291,2026-01-06,68.52,Passed
1297,4295,2026-01-04,83.79,Passed
1298,4297,2026-01-16,65.65,Passed
1299,4298,2026-06-28,74.01,Passed
1300,4300,2026-03-16,74.83,Passed
1301,4302,2025-09-30,59.98,Failed
1302,4303,2026-05-17,84.88,Passed
1303,4309,2026-01-15,67.38,Passed
1304,4312,2026-03-11,58.66,Failed
1305,4314,2025-12-09,78.05,Passed
1306,4315,2026-03-26,56.52,Failed
1307,4317,2026-08-21,70.42,Passed
1308,4318,2026-02-06,69.86,Passed
1309,4319,2025-10-03,86.29,Passed
1310,4321,2025-10-21,77.12,Passed
1311,4331,2025-12-11,69.62,Passed
1312,4335,2025-10-18,82.27,Passed
1313,4342,2025-11-05,90.85,Passed
1314,4343,2025-11-19,78.37,Passed
1315,4345,2025-09-27,70.16,Passed
1316,4348,2026-01-24,50.32,Failed
1317,4350,2026-04-01,54.02,Failed
1318,4355,2025-12-27,65.42,Passed
1319,4361,2026-02-26,60.86,Passed
1320,4363,2026-06-04,67.2,Passed
1321,4365,2026-01-18,70.85,Passed
1322,4367,2026-03-09,77.95,Passed
1323,4368,2026-05-21,68.94,Passed
1324,4370,2026-06-01,77.3,Passed
1325,4376,2026-02-20,70.97,Passed
1326,4378,2026-01-04,40.37,Failed
1327,4382,2026-02-27,55.91,Failed
1328,4399,2026-04-18,67.84,Passed
1329,4400,2026-06-11,51.85,Failed
1330,4402,2025-12-23,79.0,Passed
1331,4404,2026-05-07,92.96,Passed
1332,4407,2026-04-14,88.28,Passed
1333,4412,2026-07-11,66.8,Passed
1334,4413,2025-10-14,92.36,Passed
1335,4414,2025-11-14,72.23,Passed
1336,4423,2026-03-09,64.94,Passed
1337,4436,2026-07-02,60.8,Passed
1338,4437,2026-01-08,65.46,Passed
1339,4443,2025-12-27,64.18,Passed
1340,4444,2026-07-17,72.56,Passed
1341,4445,2026-09-02,72.41,Passed
1342,4446,2026-05-03,70.05,Passed
1343,4447,2025-11-01,76.55,Passed
1344,4453,2026-06-03,87.86,Passed
1345,4455,2026-08-15,84.24,Passed
1346,4466,2026-08-07,47.73,Failed
1347,4472,2026-01-07,31.69,Failed
1348,4473,2025-10-28,84.01,Passed
1349,4475,2025-11-23,49.5,Failed
1350,4487,2025-10-20,66.63,Passed
1351,4490,2026-06-05,52.45,Failed
1352,4500,2026-06-10,42.97,Failed
1353,4502,2026-09-11,78.12,Passed
1354,4507,2026-02-26,81.39,Passed
1355,4508,2026-07-19,61.35,Passed
1356,4514,2025-10-23,31.13,Failed
1357,4515,2025-12-03,61.81,Passed
1358,4518,2026-03-06,75.88,Passed
1359,4520,2025-11-18,47.82,Failed
1360,4524,2025-09-29,72.75,Passed
1361,4530,2026-04-24,69.77,Passed
1362,4531,2025-10-05,78.69,Passed
1363,4532,2026-09-13,71.79,Passed
1364,4533,2025-10-30,55.4,Failed
1365,4534,2026-04-16,87.95,Passed
1366,4544,2025-11-06,67.62,Passed
1367,4545,2026-02-24,69.59,Passed
1368,4547,2026-04-16,56.0,Failed
1369,4556,2025-09-28,63.35,Passed
1370,4561,2026-04-03,56.73,Failed
1371,4562,2026-06-30,67.41,Passed
1372,4566,2025-10-02,95.68,Passed
1373,4567,2025-11-06,49.42,Failed
1374,4568,2026-05-03,45.8,Failed
1375,4572,2026-03-29,92.07,Passed
1376,4577,2026-04-04,66.86,Passed
1377,4582,2026-09-16,59.96,Failed
1378,4583,2026-06-08,85.6,Passed
1379,4587,2026-08-28,60.92,Passed
1380,4588,2026-02-17,97.39,Passed
1381,4589,2025-12-18,80.17,Passed
1382,4610,2025-10-30,62.68,Passed
1383,4613,2025-09-28,100.0,Passed
1384,4615,2025-12-09,60.91,Passed
1385,4617,2026-05-16,81.13,Passed
1386,4619,2026-05-01,74.49,Passed
1387,4625,2026-07-18,89.53,Passed
1388,4631,2025-12-18,93.42,Passed
1389,4632,2026-02-25,70.48,Passed
1390,4634,2026-08-02,58.7,Failed
1391,4638,2025-11-25,76.9,Passed
1392,4640,2026-06-07,59.83,Failed
1393,4642,2026-02-22,100.0,Passed
1394,4646,2026-09-13,72.05,Passed
1395,4661,2026-07-13,64.52,Passed
1396,4666,2025-12-27,72.77,Passed
1397,4675,2025-12-02,49.79,Failed
1398,4677,2026-09-03,55.43,Failed
1399,4678,2025-10-16,88.01,Passed
1400,4679,2026-06-28,60.15,Passed
1401,4681,2026-05-11,54.3,Failed
1402,4683,2025-11-19,78.05,Passed
1403,4684,2026-09-11,87.79,Passed
1404,4685,2026-02-09,80.78,Passed
1405,4691,2026-09-12,84.94,Passed
1406,4697,2026-08-20,58.65,Failed
1407,4703,2026-04-15,48.67,Failed
1408,4707,2026-07-07,92.52,Passed
1409,4712,2025-09-25,65.16,Passed
1410,4714,2025-11-01,66.24,Passed
1411,4715,2025-10-16,89.92,Passed
1412,4727,2026-07-17,78.34,Passed
1413,4728,2026-09-11,76.84,Passed
1414,4729,2025-12-07,100.0,Passed
1415,4731,2026-06-03,60.35,Passed
1416,4733,2026-08-08,83.92,Passed
1417,4735,2025-12-30,70.86,Passed
1418,4736,2026-07-08,74.03,Passed
1419,4746,2025-12-15,92.93,Passed
1420,4748,2026-02-26,77.62,Passed
1421,4751,2025-10-15,78.07,Passed
1422,4753,2025-09-21,86.09,Passed
1423,4756,2026-09-04,64.53,Passed
1424,4760,2026-04-10,57.41,Failed
1425,4761,2025-11-11,54.33,Failed
1426,4776,2025-12-08,40.5,Failed
1427,4781,2025-11-12,100.0,Passed
1428,4782,2026-01-04,53.45,Failed
1429,4785,2026-03-06,66.68,Passed
1430,4788,2026-06-17,65.85,Passed
1431,4791,2026-06-01,74.61,Passed
1432,4792,2025-12-18,82.24,Passed
1433,4793,2025-10-03,82.91,Passed
1434,4801,2026-07-01,61.25,Passed
1435,4804,2025-09-29,67.49,Passed
1436,4807,2026-07-08,74.24,Passed
1437,4808,2025-09-22,66.27,Passed
1438,4809,2025-11-12,94.11,Passed
1439,4810,2026-07-11,77.36,Passed
1440,4813,2026-07-18,81.02,Passed
1441,4815,2026-07-14,79.94,Passed
1442,4821,2026-01-12,87.6,Passed
1443,4826,2026-08-07,72.72,Passed
1444,4828,2026-06-19,50.55,Failed
1445,4829,2025-10-31,76.0,Passed
1446,4831,2026-08-27,60.23,Passed
1447,4833,2025-11-27,62.07,Passed
1448,4840,2025-11-14,78.8,Passed
1449,4842,2026-01-12,88.57,Passed
1450,4843,2026-02-04,70.32,Passed
1451,4845,2026-01-12,74.63,Passed
1452,4846,2025-12-25,95.53,Passed
1453,4848,2026-08-16,73.61,Passed
1454,4856,2026-02-25,100.0,Passed
1455,4862,2025-12-23,78.48,Passed
1456,4863,2025-12-18,43.59,Failed
1457,4864,2026-04-03,81.3,Passed
1458,4869,2026-01-08,75.72,Passed
1459,4870,2026-08-29,89.35,Passed
1460,4871,2026-05-01,80.1,Passed
1461,4872,2026-02-20,67.92,Passed
1462,4884,2026-09-08,51.64,Failed
1463,4885,2026-04-12,66.86,Passed
1464,4886,2026-02-04,57.24,Failed
1465,4888,2025-11-09,61.29,Passed
1466,4894,2026-06-13,78.83,Passed
1467,4898,2026-06-08,95.05,Passed
1468,4899,2026-03-01,75.92,Passed
1469,4904,2026-01-05,52.06,Failed
1470,4906,2026-05-07,76.67,Passed
1471,4907,2025-11-30,87.95,Passed
1472,4910,2026-09-08,60.85,Passed
1473,4911,2026-04-15,67.99,Passed
1474,4912,2025-10-19,70.22,Passed
1475,4913,2026-06-01,58.23,Failed
1476,4914,2025-12-11,79.72,Passed
1477,4916,2026-05-26,68.19,Passed
1478,4920,2025-12-23,76.29,Passed
1479,4921,2026-05-19,56.69,Failed
1480,4925,2026-05-14,63.44,Passed
1481,4929,2026-07-21,80.84,Passed
1482,4932,2026-01-16,64.41,Passed
1483,4933,2025-11-15,95.9,Passed
1484,4935,2025-10-17,64.01,Passed
1485,4938,2026-07-18,73.37,Passed
1486,4939,2026-02-13,83.99,Passed
1487,4945,2026-06-17,48.72,Failed
1488,4947,2026-02-06,43.59,Failed
1489,4950,2026-03-05,47.12,Failed
1490,4952,2026-01-30,88.94,Passed
1491,4963,2026-01-20,61.72,Passed
1492,4967,2025-09-22,100.0,Passed
1493,4969,2025-10-31,61.54,Passed
1494,4970,2026-01-20,72.77,Passed
1495,4971,2026-07-13,93.13,Passed
1496,4976,2026-07-14,100.0,Passed
1497,4978,2026-06-05,100.0,Passed
1498,4983,2025-12-10,88.13,Passed
1499,4984,2026-06-04,85.36,Passed
1500,4986,2026-03-04,78.89,Passed
1501,4987,2026-03-09,81.68,Passed
1502,4989,2026-09-10,61.73,Passed
1503,4990,2026-06-13,57.73,Failed
1504,4991,2026-07-08,69.95,Passed
1505,4995,2026-07-04,67.45,Passed
1506,4996,2026-02-04,63.2,Passed
1507,5000,2026-06-05,80.45,Passed
