offer_id,application_id,offer_date,stipend,offer_status,joining_date
1,2,2026-07-24,35000,Accepted,2026-09-05
2,8,2026-07-16,35000,Rejected,2026-08-16
3,15,2026-06-14,25000,Rejected,2026-07-08
4,18,2025-11-04,25000,Accepted,2025-12-06
5,19,2026-07-19,25000,Accepted,2026-09-02
6,23,2025-12-07,30000,Accepted,2025-12-21
7,32,2026-03-03,20000,Pending,2026-03-22
8,34,2026-06-19,25000,Accepted,2026-07-24
9,36,2026-03-28,20000,Accepted,2026-04-29
10,50,2026-01-26,35000,Accepted,2026-02-18
11,54,2025-10-14,30000,Accepted,2025-11-25
12,76,2025-12-09,30000,Accepted,2026-01-10
13,97,2026-02-10,20000,Accepted,2026-02-27
14,98,2025-11-27,35000,Accepted,2025-12-12
15,104,2026-09-29,30000,Accepted,2026-10-25
16,109,2025-11-01,25000,Pending,2025-12-01
17,111,2025-10-14,25000,Accepted,2025-11-13
18,113,2026-04-06,40000,Accepted,2026-04-22
19,114,2026-08-17,30000,Accepted,2026-09-10
20,117,2026-09-20,30000,Accepted,2026-10-11
21,122,2026-05-11,20000,Accepted,2026-06-22
22,149,2026-02-03,20000,Rejected,2026-03-15
23,152,2026-05-18,20000,Accepted,2026-07-02
24,155,2026-10-13,30000,Accepted,2026-11-07
25,156,2025-12-19,20000,Accepted,2026-01-14
26,157,2026-09-30,35000,Accepted,2026-10-19
27,165,2025-12-15,40000,Accepted,2026-01-09
28,166,2026-07-07,30000,Pending,2026-08-12
29,169,2026-09-07,20000,Accepted,2026-10-08
30,175,2026-03-13,40000,Accepted,2026-04-24
31,183,2026-05-04,40000,Accepted,2026-06-04
32,192,2025-09-29,25000,Accepted,2025-11-10
33,193,2025-12-20,40000,Accepted,2026-01-28
34,199,2025-11-27,40000,Accepted,2025-12-21
35,202,2025-12-18,35000,Accepted,2026-01-23
36,214,2026-02-24,35000,Accepted,2026-03-13
37,215,2026-02-04,35000,Accepted,2026-03-16
38,220,2025-12-22,35000,Accepted,2026-01-27
39,230,2026-07-16,40000,Accepted,2026-08-02
40,232,2026-01-16,20000,Pending,2026-02-02
41,234,2025-10-30,30000,Accepted,2025-11-22
42,237,2026-01-05,40000,Rejected,2026-01-29
43,238,2025-12-11,40000,Accepted,2026-01-03
44,240,2026-08-25,30000,Accepted,2026-09-14
45,248,2026-08-01,30000,Accepted,2026-08-24
46,257,2026-09-15,25000,Accepted,2026-10-14
47,260,2025-10-20,40000,Rejected,2025-11-24
48,264,2025-11-10,40000,Accepted,2025-12-01
49,269,2026-04-09,25000,Accepted,2026-05-15
50,270,2026-08-18,30000,Rejected,2026-09-03
51,271,2026-03-18,35000,Accepted,2026-04-28
52,287,2026-01-07,20000,Rejected,2026-02-04
53,290,2025-11-09,20000,Accepted,2025-12-11
54,292,2025-12-09,35000,Rejected,2026-01-22
55,305,2025-11-22,40000,Accepted,2025-12-10
56,313,2025-12-31,20000,Rejected,2026-02-04
57,314,2026-05-14,20000,Rejected,2026-06-26
58,315,2026-09-02,30000,Pending,2026-10-04
59,319,2026-06-01,20000,Pending,2026-07-02
60,320,2026-08-04,30000,Accepted,2026-08-25
61,323,2026-03-26,35000,Accepted,2026-05-06
62,324,2026-06-24,25000,Accepted,2026-07-27
63,329,2025-12-11,30000,Rejected,2026-01-14
64,335,2026-01-27,40000,Accepted,2026-03-02
65,340,2025-12-29,25000,Accepted,2026-02-05
66,341,2026-02-21,25000,Accepted,2026-04-06
67,347,2025-11-23,35000,Pending,2025-12-21
68,352,2026-02-27,40000,Accepted,2026-03-18
69,359,2026-05-10,30000,Accepted,2026-06-18
70,361,2026-06-19,20000,Pending,2026-07-19
71,362,2026-04-09,35000,Accepted,2026-04-24
72,363,2026-09-07,25000,Accepted,2026-10-05
73,365,2026-08-19,35000,Accepted,2026-09-07
74,366,2026-04-30,40000,Pending,2026-05-19
75,372,2025-11-11,25000,Accepted,2025-11-25
76,376,2026-01-07,35000,Accepted,2026-02-05
77,380,2025-12-23,35000,Accepted,2026-01-19
78,382,2026-05-01,25000,Accepted,2026-05-19
79,388,2025-10-02,25000,Accepted,2025-11-01
80,389,2025-12-27,35000,Accepted,2026-02-01
81,391,2026-07-22,35000,Rejected,2026-08-14
82,392,2026-09-18,35000,Accepted,2026-10-20
83,393,2026-08-24,20000,Pending,2026-09-17
84,395,2026-01-02,40000,Accepted,2026-02-14
85,399,2025-11-19,30000,Rejected,2025-12-17
86,402,2026-02-24,30000,Accepted,2026-03-30
87,405,2025-11-23,25000,Rejected,2026-01-04
88,407,2026-09-18,40000,Accepted,2026-10-27
89,413,2026-05-04,35000,Accepted,2026-05-29
90,415,2026-09-29,20000,Accepted,2026-10-14
91,422,2026-01-18,25000,Rejected,2026-02-18
92,438,2026-02-09,30000,Accepted,2026-03-02
93,439,2026-05-17,40000,Accepted,2026-06-30
94,450,2025-10-31,20000,Accepted,2025-12-11
95,453,2025-12-03,30000,Accepted,2025-12-20
96,462,2025-12-29,25000,Accepted,2026-01-14
97,467,2026-07-16,25000,Accepted,2026-08-24
98,478,2026-02-11,35000,Accepted,2026-03-07
99,482,2026-01-02,35000,Accepted,2026-02-01
100,489,2025-11-16,25000,Pending,2025-12-29
101,498,2025-12-02,30000,Rejected,2025-12-21
102,503,2026-10-13,25000,Accepted,2026-11-01
103,506,2025-12-28,40000,Pending,2026-01-20
104,526,2026-07-27,30000,Accepted,2026-08-10
105,528,2026-01-29,20000,Accepted,2026-02-26
106,532,2026-03-27,30000,Rejected,2026-04-24
107,545,2025-12-14,30000,Accepted,2026-01-22
108,546,2026-05-19,35000,Accepted,2026-06-13
109,556,2026-08-25,40000,Accepted,2026-10-04
110,565,2026-08-04,35000,Accepted,2026-09-01
111,577,2025-11-11,35000,Rejected,2025-12-05
112,578,2026-07-15,30000,Accepted,2026-08-02
113,579,2025-10-24,30000,Rejected,2025-11-18
114,582,2026-03-03,25000,Accepted,2026-03-19
115,586,2026-02-22,20000,Accepted,2026-04-08
116,596,2025-12-04,25000,Accepted,2026-01-02
117,599,2026-08-12,40000,Accepted,2026-09-25
118,600,2026-06-16,40000,Accepted,2026-07-09
119,612,2026-05-01,35000,Accepted,2026-05-15
120,614,2025-12-24,40000,Accepted,2026-01-23
121,616,2026-06-09,20000,Accepted,2026-07-14
122,629,2026-09-07,35000,Accepted,2026-10-17
123,634,2025-11-27,35000,Accepted,2025-12-26
124,642,2026-05-01,40000,Accepted,2026-06-05
125,647,2026-03-20,40000,Pending,2026-04-06
126,656,2025-12-29,35000,Pending,2026-01-23
127,671,2026-02-19,40000,Accepted,2026-04-01
128,680,2026-01-09,25000,Accepted,2026-02-12
129,682,2026-08-13,25000,Accepted,2026-09-05
130,684,2026-04-18,30000,Accepted,2026-05-12
131,686,2025-12-13,30000,Accepted,2026-01-01
132,687,2026-09-07,25000,Rejected,2026-10-01
133,691,2026-08-30,35000,Rejected,2026-10-07
134,695,2026-03-21,35000,Accepted,2026-04-21
135,699,2026-03-13,30000,Accepted,2026-04-01
136,706,2026-03-27,30000,Rejected,2026-04-10
137,708,2026-09-25,20000,Accepted,2026-10-19
138,709,2026-03-18,25000,Accepted,2026-04-27
139,715,2026-04-24,40000,Accepted,2026-05-27
140,722,2026-09-14,35000,Accepted,2026-10-11
141,726,2026-03-13,20000,Accepted,2026-04-23
142,730,2026-09-28,35000,Pending,2026-10-20
143,738,2026-08-07,35000,Pending,2026-08-22
144,749,2026-05-31,20000,Accepted,2026-07-05
145,753,2026-06-13,35000,Accepted,2026-06-30
146,754,2026-08-24,20000,Rejected,2026-09-25
147,756,2025-11-29,25000,Accepted,2025-12-29
148,759,2026-08-03,25000,Accepted,2026-09-01
149,760,2026-03-09,35000,Rejected,2026-04-15
150,765,2026-04-02,30000,Pending,2026-05-03
151,770,2026-03-12,35000,Accepted,2026-04-23
152,772,2026-10-06,40000,Rejected,2026-11-12
153,776,2025-11-11,30000,Accepted,2025-12-12
154,790,2026-02-05,40000,Accepted,2026-02-23
155,791,2026-04-25,35000,Pending,2026-05-21
156,792,2025-12-31,25000,Accepted,2026-01-24
157,809,2026-04-11,30000,Accepted,2026-05-03
158,810,2026-07-23,30000,Accepted,2026-08-17
159,811,2025-12-24,25000,Accepted,2026-01-10
160,817,2026-03-05,40000,Pending,2026-03-30
161,818,2025-10-20,35000,Rejected,2025-11-07
162,822,2025-12-26,35000,Rejected,2026-01-23
163,826,2026-06-24,40000,Accepted,2026-07-18
164,832,2026-04-12,30000,Accepted,2026-04-27
165,852,2026-04-14,25000,Accepted,2026-05-03
166,855,2026-04-04,40000,Accepted,2026-04-18
167,856,2026-03-03,20000,Accepted,2026-03-24
168,857,2025-12-13,40000,Accepted,2026-01-02
169,862,2026-07-25,35000,Pending,2026-08-08
170,869,2026-05-25,20000,Accepted,2026-06-21
171,874,2025-10-26,20000,Accepted,2025-11-28
172,877,2025-10-03,40000,Accepted,2025-11-09
173,878,2025-10-10,20000,Accepted,2025-10-26
174,881,2026-07-13,30000,Accepted,2026-08-19
175,888,2025-11-08,25000,Accepted,2025-12-16
176,903,2026-03-20,35000,Accepted,2026-04-03
177,912,2026-09-04,20000,Rejected,2026-10-13
178,918,2026-02-17,25000,Pending,2026-04-02
179,923,2025-11-26,20000,Rejected,2025-12-28
180,934,2026-06-20,20000,Accepted,2026-07-04
181,942,2025-10-12,35000,Pending,2025-11-02
182,943,2025-10-14,20000,Accepted,2025-11-09
183,947,2026-05-02,25000,Accepted,2026-05-17
184,961,2025-10-09,35000,Accepted,2025-11-15
185,962,2026-09-11,40000,Rejected,2026-09-30
186,963,2026-02-01,35000,Accepted,2026-03-01
187,968,2026-02-07,30000,Accepted,2026-03-14
188,973,2026-03-18,35000,Accepted,2026-04-02
189,985,2026-07-10,35000,Accepted,2026-08-04
190,998,2026-03-21,40000,Accepted,2026-04-19
191,1003,2026-03-08,40000,Accepted,2026-04-10
192,1006,2026-02-08,20000,Accepted,2026-03-18
193,1011,2026-06-22,40000,Rejected,2026-07-13
194,1012,2025-11-30,30000,Rejected,2025-12-16
195,1014,2026-04-21,25000,Accepted,2026-05-06
196,1028,2026-07-27,40000,Pending,2026-08-29
197,1030,2025-12-15,25000,Accepted,2026-01-04
198,1031,2025-10-26,35000,Accepted,2025-11-24
199,1046,2026-01-21,40000,Rejected,2026-02-14
200,1049,2025-12-29,30000,Rejected,2026-01-30
201,1059,2025-12-19,25000,Pending,2026-01-06
202,1063,2026-02-17,30000,Rejected,2026-03-20
203,1073,2026-10-02,20000,Rejected,2026-10-17
204,1082,2025-12-29,35000,Accepted,2026-02-06
205,1087,2026-06-26,20000,Accepted,2026-07-25
206,1099,2026-04-16,30000,Accepted,2026-05-26
207,1101,2026-08-10,35000,Rejected,2026-09-05
208,1102,2026-07-10,20000,Accepted,2026-08-16
209,1105,2026-08-23,35000,Accepted,2026-09-21
210,1110,2026-04-11,35000,Accepted,2026-05-19
211,1117,2026-08-09,25000,Rejected,2026-09-04
212,1126,2026-04-18,35000,Accepted,2026-05-26
213,1128,2025-11-06,35000,Accepted,2025-12-16
214,1141,2026-01-15,40000,Accepted,2026-02-26
215,1145,2026-03-27,40000,Rejected,2026-04-11
216,1147,2025-12-12,25000,Accepted,2025-12-27
217,1158,2026-04-08,30000,Rejected,2026-05-09
218,1160,2025-11-06,35000,Accepted,2025-11-28
219,1162,2026-06-10,20000,Accepted,2026-07-11
220,1164,2026-03-11,35000,Accepted,2026-04-18
221,1166,2025-11-19,40000,Rejected,2025-12-30
222,1170,2026-10-03,40000,Accepted,2026-10-17
223,1172,2026-06-25,40000,Accepted,2026-07-23
224,1192,2026-03-12,20000,Pending,2026-04-14
225,1197,2025-10-04,40000,Accepted,2025-11-07
226,1202,2026-03-08,40000,Rejected,2026-04-09
227,1204,2025-10-18,30000,Accepted,2025-11-19
228,1209,2026-03-23,20000,Accepted,2026-05-05
229,1211,2026-05-25,30000,Accepted,2026-06-27
230,1223,2026-08-08,40000,Rejected,2026-09-21
231,1229,2026-08-28,30000,Accepted,2026-10-02
232,1230,2025-12-03,40000,Rejected,2025-12-27
233,1236,2026-01-11,35000,Accepted,2026-01-28
234,1241,2025-11-04,40000,Pending,2025-12-03
235,1247,2026-09-29,20000,Pending,2026-11-06
236,1248,2026-01-20,40000,Accepted,2026-02-13
237,1255,2026-09-27,40000,Accepted,2026-11-06
238,1273,2026-08-31,40000,Accepted,2026-09-15
239,1275,2026-01-29,35000,Accepted,2026-03-14
240,1282,2026-07-18,30000,Rejected,2026-08-31
241,1283,2026-01-16,40000,Accepted,2026-02-12
242,1291,2026-02-28,35000,Pending,2026-04-08
243,1306,2026-05-14,35000,Accepted,2026-06-16
244,1313,2025-11-27,35000,Accepted,2026-01-10
245,1322,2026-01-10,35000,Accepted,2026-02-04
246,1325,2026-03-02,20000,Rejected,2026-04-11
247,1328,2026-09-27,40000,Pending,2026-10-25
248,1329,2025-10-22,25000,Accepted,2025-11-12
249,1330,2026-05-07,35000,Pending,2026-05-30
250,1343,2026-04-24,30000,Accepted,2026-06-03
251,1344,2026-03-19,35000,Accepted,2026-04-27
252,1346,2025-12-19,40000,Rejected,2026-01-19
253,1347,2026-07-26,25000,Accepted,2026-08-29
254,1355,2026-03-05,30000,Accepted,2026-04-03
255,1356,2026-04-15,20000,Accepted,2026-05-07
256,1369,2025-12-12,40000,Accepted,2025-12-29
257,1373,2026-09-11,40000,Rejected,2026-10-06
258,1379,2026-06-09,40000,Rejected,2026-07-03
259,1386,2025-12-05,20000,Pending,2025-12-29
260,1388,2025-12-18,30000,Accepted,2026-01-25
261,1391,2025-12-24,35000,Accepted,2026-01-29
262,1396,2026-07-09,40000,Accepted,2026-08-18
263,1399,2026-02-27,40000,Accepted,2026-03-18
264,1411,2026-01-31,20000,Rejected,2026-02-26
265,1418,2026-01-29,20000,Accepted,2026-03-03
266,1434,2026-05-01,30000,Rejected,2026-05-22
267,1440,2026-05-22,25000,Accepted,2026-06-22
268,1443,2026-09-08,20000,Accepted,2026-10-18
269,1449,2025-12-19,25000,Accepted,2026-01-14
270,1450,2026-04-20,35000,Accepted,2026-05-25
271,1463,2026-08-25,20000,Pending,2026-09-09
272,1471,2026-02-07,35000,Accepted,2026-03-13
273,1483,2026-04-15,35000,Pending,2026-05-04
274,1486,2026-02-03,20000,Rejected,2026-03-12
275,1490,2025-10-24,25000,Accepted,2025-11-07
276,1492,2025-11-24,35000,Accepted,2025-12-12
277,1493,2026-01-07,30000,Accepted,2026-02-16
278,1499,2026-01-29,30000,Accepted,2026-03-11
279,1509,2026-09-02,25000,Accepted,2026-09-20
280,1516,2026-05-08,35000,Accepted,2026-06-08
281,1517,2026-09-02,30000,Accepted,2026-10-13
282,1528,2026-08-26,40000,Accepted,2026-09-13
283,1530,2026-05-09,30000,Accepted,2026-05-30
284,1531,2026-01-04,30000,Rejected,2026-01-31
285,1533,2026-05-10,35000,Rejected,2026-06-14
286,1539,2026-09-09,20000,Rejected,2026-10-20
287,1544,2025-12-05,25000,Accepted,2025-12-24
288,1559,2026-05-16,30000,Accepted,2026-06-28
289,1561,2025-10-23,20000,Accepted,2025-11-22
290,1562,2026-02-10,40000,Accepted,2026-03-01
291,1563,2025-11-28,30000,Accepted,2025-12-20
292,1564,2026-06-12,30000,Rejected,2026-07-16
293,1565,2026-09-01,25000,Rejected,2026-09-19
294,1571,2026-08-04,35000,Accepted,2026-08-19
295,1572,2026-06-20,40000,Accepted,2026-07-26
296,1595,2026-08-01,25000,Accepted,2026-09-12
297,1601,2026-01-08,25000,Accepted,2026-01-22
298,1605,2026-07-29,35000,Accepted,2026-08-29
299,1612,2026-02-19,30000,Accepted,2026-03-21
300,1613,2026-01-25,30000,Accepted,2026-02-28
301,1621,2026-05-23,25000,Accepted,2026-06-16
302,1622,2026-01-08,35000,Accepted,2026-01-25
303,1627,2026-09-21,30000,Accepted,2026-10-05
304,1638,2026-06-19,25000,Accepted,2026-07-05
305,1655,2026-05-07,25000,Accepted,2026-06-03
306,1658,2026-04-01,20000,Rejected,2026-04-24
307,1660,2026-04-08,30000,Accepted,2026-05-15
308,1677,2026-08-25,40000,Rejected,2026-09-27
309,1687,2025-11-22,35000,Accepted,2025-12-28
310,1690,2026-09-04,40000,Accepted,2026-10-02
311,1692,2026-04-03,25000,Accepted,2026-05-05
312,1699,2026-07-13,20000,Accepted,2026-08-18
313,1701,2026-08-31,35000,Accepted,2026-10-06
314,1707,2026-09-08,40000,Accepted,2026-10-03
315,1711,2026-07-31,35000,Accepted,2026-09-04
316,1717,2026-09-20,40000,Rejected,2026-10-19
317,1725,2026-06-22,20000,Accepted,2026-07-06
318,1727,2026-04-13,30000,Accepted,2026-05-24
319,1738,2026-04-13,35000,Accepted,2026-04-28
320,1744,2025-11-13,25000,Accepted,2025-12-23
321,1755,2026-01-16,35000,Accepted,2026-02-23
322,1760,2026-02-25,35000,Rejected,2026-03-21
323,1770,2026-02-10,30000,Pending,2026-03-24
324,1773,2026-08-17,20000,Accepted,2026-09-21
325,1775,2026-05-13,20000,Rejected,2026-06-04
326,1776,2026-02-18,20000,Accepted,2026-03-12
327,1777,2026-07-14,35000,Accepted,2026-07-31
328,1781,2025-12-26,35000,Accepted,2026-01-10
329,1782,2026-04-09,35000,Pending,2026-05-09
330,1788,2026-06-10,20000,Accepted,2026-07-04
331,1790,2026-01-31,30000,Accepted,2026-03-02
332,1792,2026-09-09,20000,Accepted,2026-10-08
333,1794,2026-06-18,20000,Accepted,2026-07-02
334,1798,2025-10-19,35000,Accepted,2025-11-14
335,1799,2026-03-04,35000,Pending,2026-03-22
336,1800,2026-03-12,20000,Pending,2026-04-22
337,1803,2026-03-20,30000,Accepted,2026-04-29
338,1810,2026-01-01,35000,Accepted,2026-01-16
339,1827,2026-04-02,30000,Accepted,2026-05-14
340,1829,2026-05-22,40000,Accepted,2026-06-06
341,1836,2026-08-22,20000,Accepted,2026-09-17
342,1838,2025-12-05,20000,Accepted,2026-01-12
343,1841,2026-06-08,30000,Accepted,2026-06-27
344,1845,2026-02-13,20000,Pending,2026-03-01
345,1846,2026-07-15,35000,Accepted,2026-08-22
346,1849,2025-10-13,40000,Accepted,2025-10-29
347,1853,2026-07-02,25000,Accepted,2026-08-03
348,1860,2026-09-18,20000,Rejected,2026-10-17
349,1882,2026-07-25,25000,Accepted,2026-08-21
350,1885,2026-10-02,30000,Accepted,2026-11-01
351,1889,2026-04-03,20000,Accepted,2026-05-11
352,1894,2026-04-30,25000,Accepted,2026-06-12
353,1895,2026-01-05,20000,Pending,2026-01-29
354,1897,2026-08-28,20000,Accepted,2026-09-18
355,1906,2026-07-27,40000,Accepted,2026-08-11
356,1923,2026-07-03,20000,Accepted,2026-07-19
357,1924,2025-12-23,35000,Accepted,2026-01-28
358,1926,2025-10-23,30000,Accepted,2025-12-03
359,1928,2026-07-21,30000,Accepted,2026-09-02
360,1929,2026-06-25,25000,Accepted,2026-07-23
361,1932,2026-04-18,40000,Accepted,2026-05-22
362,1936,2026-01-02,20000,Rejected,2026-01-21
363,1943,2026-01-22,40000,Rejected,2026-03-07
364,1946,2025-12-12,30000,Accepted,2026-01-20
365,1947,2026-06-17,40000,Accepted,2026-07-03
366,1948,2026-07-28,25000,Accepted,2026-08-24
367,1954,2025-12-31,30000,Rejected,2026-01-15
368,1965,2025-11-05,20000,Accepted,2025-12-18
369,1966,2025-10-10,35000,Accepted,2025-11-18
370,1971,2026-02-03,30000,Accepted,2026-03-17
371,1979,2026-05-21,30000,Rejected,2026-07-01
372,1982,2026-06-15,40000,Pending,2026-07-12
373,1983,2026-06-02,35000,Accepted,2026-06-22
374,1991,2025-11-13,20000,Rejected,2025-12-09
375,2000,2026-06-23,40000,Rejected,2026-07-29
376,2003,2026-05-23,35000,Accepted,2026-06-17
377,2007,2025-12-27,40000,Accepted,2026-01-11
378,2008,2025-11-17,40000,Rejected,2025-12-17
379,2016,2026-09-15,20000,Accepted,2026-10-26
380,2021,2026-08-23,40000,Accepted,2026-09-29
381,2022,2026-02-20,20000,Accepted,2026-03-20
382,2030,2026-01-31,35000,Pending,2026-03-15
383,2039,2026-05-10,35000,Accepted,2026-06-01
384,2042,2025-12-30,20000,Rejected,2026-01-19
385,2047,2026-09-22,35000,Rejected,2026-11-04
386,2051,2026-07-04,25000,Pending,2026-08-10
387,2056,2026-09-21,35000,Accepted,2026-10-31
388,2062,2025-11-05,20000,Rejected,2025-12-17
389,2065,2026-01-07,35000,Accepted,2026-01-21
390,2078,2026-08-04,30000,Accepted,2026-09-14
391,2081,2026-04-23,20000,Pending,2026-05-26
392,2091,2026-05-17,30000,Accepted,2026-06-15
393,2093,2026-01-03,25000,Accepted,2026-02-07
394,2099,2026-01-18,30000,Accepted,2026-02-12
395,2102,2026-09-30,35000,Accepted,2026-11-11
396,2104,2026-03-10,35000,Accepted,2026-04-24
397,2109,2026-08-28,20000,Accepted,2026-10-04
398,2112,2026-06-09,20000,Accepted,2026-07-17
399,2114,2026-05-22,35000,Rejected,2026-06-20
400,2115,2026-01-16,40000,Accepted,2026-01-31
401,2117,2026-05-06,35000,Rejected,2026-05-23
402,2118,2026-01-18,40000,Accepted,2026-02-07
403,2125,2026-08-31,25000,Rejected,2026-09-28
404,2129,2026-02-01,35000,Accepted,2026-03-06
405,2131,2026-07-28,20000,Accepted,2026-09-06
406,2132,2025-12-07,25000,Accepted,2026-01-12
407,2133,2026-09-12,20000,Rejected,2026-10-14
408,2135,2026-03-29,35000,Accepted,2026-04-13
409,2143,2026-06-11,30000,Accepted,2026-06-30
410,2149,2025-11-23,20000,Accepted,2025-12-19
411,2150,2026-04-07,40000,Accepted,2026-04-26
412,2169,2026-10-01,30000,Accepted,2026-10-27
413,2171,2026-07-21,35000,Accepted,2026-08-24
414,2172,2026-01-19,35000,Accepted,2026-03-05
415,2176,2026-01-08,30000,Accepted,2026-01-31
416,2184,2026-07-05,35000,Accepted,2026-08-15
417,2197,2026-06-13,30000,Accepted,2026-07-28
418,2209,2026-03-30,30000,Accepted,2026-05-09
419,2218,2026-05-06,25000,Accepted,2026-06-01
420,2223,2026-04-28,40000,Accepted,2026-05-31
421,2230,2026-04-29,40000,Accepted,2026-05-24
422,2233,2026-02-21,40000,Accepted,2026-03-17
423,2238,2025-10-26,30000,Accepted,2025-12-01
424,2239,2026-05-18,25000,Rejected,2026-06-25
425,2245,2026-10-05,25000,Accepted,2026-11-01
426,2248,2026-01-18,30000,Rejected,2026-02-12
427,2249,2026-07-03,35000,Accepted,2026-08-15
428,2252,2026-08-03,30000,Accepted,2026-08-17
429,2270,2025-11-21,30000,Accepted,2025-12-21
430,2273,2026-08-10,25000,Accepted,2026-09-04
431,2284,2026-03-05,40000,Accepted,2026-04-13
432,2290,2026-01-11,35000,Pending,2026-02-01
433,2294,2025-10-05,20000,Accepted,2025-11-11
434,2298,2026-07-31,25000,Accepted,2026-09-06
435,2301,2026-01-29,35000,Accepted,2026-02-28
436,2311,2026-09-21,20000,Rejected,2026-10-25
437,2332,2025-10-11,30000,Accepted,2025-11-22
438,2338,2026-02-06,35000,Rejected,2026-02-22
439,2339,2025-12-27,40000,Accepted,2026-02-08
440,2343,2026-02-28,20000,Accepted,2026-03-29
441,2345,2026-06-13,35000,Accepted,2026-06-29
442,2347,2026-01-08,30000,Rejected,2026-02-03
443,2349,2026-04-26,30000,Accepted,2026-05-18
444,2352,2026-09-15,35000,Accepted,2026-10-06
445,2353,2026-04-10,25000,Accepted,2026-05-17
446,2354,2026-03-05,30000,Accepted,2026-04-15
447,2357,2026-07-13,20000,Accepted,2026-08-12
448,2367,2026-09-21,20000,Accepted,2026-10-11
449,2368,2026-06-13,25000,Accepted,2026-07-26
450,2385,2026-01-15,30000,Accepted,2026-02-13
451,2405,2026-01-05,20000,Accepted,2026-01-19
452,2418,2026-01-06,25000,Accepted,2026-01-24
453,2429,2025-12-27,30000,Pending,2026-01-16
454,2440,2025-11-15,25000,Accepted,2025-12-20
455,2453,2026-04-25,35000,Rejected,2026-05-15
456,2454,2025-10-19,20000,Accepted,2025-11-18
457,2455,2026-05-16,20000,Accepted,2026-06-11
458,2468,2025-12-15,25000,Accepted,2026-01-08
459,2488,2026-03-29,20000,Rejected,2026-04-28
460,2495,2026-04-19,20000,Accepted,2026-05-21
461,2504,2026-04-17,35000,Accepted,2026-05-16
462,2512,2026-02-04,35000,Accepted,2026-02-26
463,2516,2026-03-03,40000,Accepted,2026-03-25
464,2518,2026-06-24,40000,Pending,2026-07-23
465,2520,2026-05-19,35000,Accepted,2026-06-13
466,2522,2026-01-27,30000,Pending,2026-02-10
467,2528,2026-04-12,40000,Accepted,2026-05-03
468,2530,2026-05-09,25000,Accepted,2026-05-23
469,2531,2026-08-23,35000,Accepted,2026-09-18
470,2543,2026-05-24,40000,Accepted,2026-07-02
471,2549,2026-04-15,20000,Accepted,2026-05-08
472,2563,2026-08-25,20000,Accepted,2026-09-12
473,2567,2026-07-21,40000,Accepted,2026-08-31
474,2569,2026-09-02,40000,Pending,2026-09-29
475,2573,2026-10-13,25000,Accepted,2026-11-21
476,2576,2026-03-04,30000,Accepted,2026-03-22
477,2577,2026-01-16,35000,Pending,2026-02-02
478,2579,2026-02-28,35000,Rejected,2026-03-22
479,2582,2026-04-05,40000,Accepted,2026-04-29
480,2583,2025-11-14,40000,Rejected,2025-12-07
481,2584,2026-01-27,30000,Accepted,2026-02-25
482,2585,2026-01-27,25000,Rejected,2026-03-06
483,2587,2026-07-09,30000,Accepted,2026-08-23
484,2604,2026-03-12,20000,Accepted,2026-03-31
485,2617,2026-04-21,25000,Rejected,2026-05-19
486,2619,2026-03-10,35000,Accepted,2026-04-15
487,2637,2026-01-10,30000,Rejected,2026-02-07
488,2638,2026-04-24,35000,Accepted,2026-05-14
489,2640,2026-08-03,30000,Accepted,2026-08-18
490,2644,2026-03-04,30000,Pending,2026-04-18
491,2646,2026-07-20,40000,Accepted,2026-08-12
492,2662,2026-03-24,40000,Accepted,2026-04-10
493,2666,2026-07-16,40000,Accepted,2026-08-28
494,2667,2025-11-08,20000,Accepted,2025-12-02
495,2670,2026-01-02,30000,Accepted,2026-01-22
496,2676,2026-04-12,20000,Rejected,2026-05-01
497,2679,2026-01-10,35000,Pending,2026-01-31
498,2680,2026-01-02,40000,Accepted,2026-02-06
499,2681,2026-04-06,30000,Accepted,2026-05-20
500,2684,2026-03-17,40000,Accepted,2026-04-02
501,2689,2025-12-13,30000,Accepted,2026-01-21
502,2692,2026-06-21,25000,Rejected,2026-08-05
503,2693,2025-10-24,30000,Rejected,2025-11-08
504,2695,2026-03-30,40000,Rejected,2026-04-18
505,2698,2026-03-06,30000,Accepted,2026-04-02
506,2702,2026-03-24,40000,Accepted,2026-04-16
507,2705,2026-03-26,35000,Accepted,2026-05-02
508,2713,2025-11-14,35000,Accepted,2025-12-15
509,2718,2026-03-07,40000,Accepted,2026-04-11
510,2720,2026-01-29,35000,Accepted,2026-02-25
511,2721,2026-02-12,30000,Accepted,2026-03-09
512,2723,2026-09-22,20000,Rejected,2026-10-08
513,2724,2025-12-10,20000,Pending,2026-01-15
514,2728,2026-03-25,25000,Accepted,2026-05-06
515,2730,2026-05-09,20000,Accepted,2026-06-19
516,2731,2026-08-06,35000,Rejected,2026-09-19
517,2733,2026-04-05,35000,Rejected,2026-05-19
518,2735,2025-12-28,20000,Accepted,2026-01-26
519,2746,2026-07-23,25000,Accepted,2026-09-03
520,2747,2026-07-21,20000,Accepted,2026-08-10
521,2749,2026-05-05,25000,Rejected,2026-06-14
522,2756,2026-06-08,20000,Accepted,2026-07-11
523,2757,2025-12-13,25000,Accepted,2026-01-12
524,2761,2025-10-23,25000,Accepted,2025-11-16
525,2765,2026-08-29,30000,Accepted,2026-10-12
526,2766,2026-08-24,40000,Accepted,2026-10-04
527,2767,2025-12-11,35000,Pending,2026-01-24
528,2768,2026-10-06,30000,Pending,2026-11-12
529,2770,2026-07-18,40000,Accepted,2026-08-27
530,2771,2026-01-19,20000,Pending,2026-02-25
531,2775,2026-05-22,40000,Rejected,2026-06-22
532,2788,2026-04-17,30000,Accepted,2026-05-26
533,2792,2026-03-18,20000,Accepted,2026-04-15
534,2797,2025-11-21,30000,Accepted,2025-12-26
535,2798,2026-02-10,30000,Accepted,2026-03-12
536,2799,2025-11-12,40000,Accepted,2025-12-24
537,2806,2026-07-04,40000,Accepted,2026-08-03
538,2810,2026-06-01,30000,Accepted,2026-06-15
539,2816,2026-06-18,30000,Accepted,2026-07-21
540,2820,2026-06-23,25000,Accepted,2026-07-31
541,2821,2026-05-22,40000,Accepted,2026-07-02
542,2824,2026-04-20,40000,Accepted,2026-05-08
543,2825,2026-01-25,25000,Accepted,2026-02-15
544,2852,2026-04-19,40000,Accepted,2026-05-26
545,2861,2026-04-21,25000,Accepted,2026-05-22
546,2870,2026-05-04,25000,Accepted,2026-05-24
547,2872,2026-09-27,30000,Rejected,2026-10-20
548,2875,2026-02-08,35000,Accepted,2026-03-23
549,2886,2026-03-04,20000,Accepted,2026-03-18
550,2887,2026-04-06,30000,Accepted,2026-05-19
551,2890,2026-06-30,40000,Accepted,2026-07-30
552,2893,2026-01-22,40000,Rejected,2026-02-26
553,2898,2025-10-08,25000,Accepted,2025-11-07
554,2902,2026-05-19,35000,Accepted,2026-06-19
555,2904,2025-10-11,30000,Pending,2025-11-07
556,2906,2026-04-17,40000,Accepted,2026-05-14
557,2908,2026-10-05,40000,Accepted,2026-10-24
558,2913,2026-08-30,30000,Rejected,2026-10-07
559,2914,2026-06-05,40000,Accepted,2026-06-22
560,2915,2026-01-08,30000,Accepted,2026-02-17
561,2916,2026-04-23,40000,Rejected,2026-06-04
562,2922,2026-07-20,30000,Accepted,2026-08-04
563,2923,2026-09-02,35000,Accepted,2026-09-24
564,2932,2026-01-10,30000,Accepted,2026-02-24
565,2933,2025-10-02,30000,Accepted,2025-11-04
566,2935,2026-03-13,35000,Accepted,2026-04-24
567,2939,2026-05-27,25000,Accepted,2026-06-16
568,2942,2026-05-10,20000,Accepted,2026-06-07
569,2967,2026-05-16,25000,Accepted,2026-06-27
570,2970,2026-06-28,30000,Rejected,2026-07-27
571,2971,2025-11-11,30000,Accepted,2025-12-10
572,2977,2026-02-19,25000,Accepted,2026-03-16
573,2978,2026-09-15,25000,Rejected,2026-10-02
574,2987,2025-11-28,20000,Accepted,2026-01-12
575,2989,2025-10-13,35000,Rejected,2025-11-07
576,2990,2026-05-26,20000,Rejected,2026-06-30
577,2991,2025-12-04,25000,Accepted,2026-01-13
578,2992,2026-01-29,25000,Accepted,2026-02-15
579,3011,2026-02-11,20000,Accepted,2026-03-13
580,3014,2026-07-15,20000,Accepted,2026-08-02
581,3016,2025-12-19,35000,Accepted,2026-02-02
582,3026,2026-04-27,25000,Rejected,2026-05-28
583,3028,2026-09-14,20000,Accepted,2026-10-24
584,3031,2026-08-29,25000,Accepted,2026-10-06
585,3032,2026-05-11,30000,Rejected,2026-06-19
586,3046,2026-09-23,40000,Rejected,2026-10-18
587,3055,2026-04-05,20000,Accepted,2026-05-20
588,3061,2026-01-09,30000,Accepted,2026-01-29
589,3066,2026-07-25,30000,Accepted,2026-08-22
590,3069,2026-07-11,35000,Accepted,2026-08-06
591,3076,2025-11-30,30000,Accepted,2025-12-30
592,3077,2026-09-17,20000,Accepted,2026-10-25
593,3080,2026-02-01,30000,Rejected,2026-03-02
594,3092,2026-02-14,25000,Accepted,2026-03-09
595,3094,2026-06-14,30000,Accepted,2026-07-18
596,3097,2026-09-23,20000,Accepted,2026-11-01
597,3106,2026-07-10,20000,Pending,2026-07-25
598,3107,2026-02-19,35000,Accepted,2026-03-13
599,3109,2026-08-22,25000,Rejected,2026-09-15
600,3110,2026-02-27,20000,Accepted,2026-04-13
601,3112,2026-04-30,25000,Accepted,2026-05-28
602,3115,2026-08-11,35000,Accepted,2026-09-16
603,3117,2026-04-26,40000,Accepted,2026-05-14
604,3120,2026-07-15,40000,Accepted,2026-08-11
605,3124,2026-04-07,40000,Accepted,2026-05-15
606,3134,2026-03-08,30000,Accepted,2026-04-13
607,3135,2026-01-23,25000,Rejected,2026-02-19
608,3139,2026-01-08,35000,Accepted,2026-01-30
609,3140,2026-05-31,20000,Accepted,2026-07-02
610,3145,2026-08-17,20000,Accepted,2026-09-23
611,3147,2025-10-15,20000,Accepted,2025-11-18
612,3155,2026-09-05,30000,Accepted,2026-10-14
613,3156,2025-10-23,35000,Accepted,2025-11-08
614,3165,2026-07-27,40000,Accepted,2026-09-04
615,3172,2026-06-21,25000,Rejected,2026-07-13
616,3173,2025-11-16,20000,Accepted,2025-12-11
617,3177,2026-09-12,35000,Accepted,2026-09-29
618,3192,2025-12-09,20000,Accepted,2025-12-29
619,3193,2025-11-27,20000,Rejected,2026-01-10
620,3196,2026-05-22,30000,Accepted,2026-06-20
621,3200,2026-01-26,30000,Rejected,2026-02-14
622,3212,2026-08-31,40000,Rejected,2026-09-23
623,3217,2026-03-20,25000,Accepted,2026-04-12
624,3221,2026-07-09,30000,Accepted,2026-07-30
625,3226,2026-04-28,30000,Rejected,2026-05-20
626,3237,2025-11-03,30000,Accepted,2025-11-26
627,3253,2026-05-21,20000,Accepted,2026-06-19
628,3255,2026-04-03,20000,Accepted,2026-04-25
629,3259,2026-05-11,25000,Accepted,2026-06-06
630,3260,2026-07-07,40000,Accepted,2026-07-31
631,3272,2026-05-11,30000,Accepted,2026-06-09
632,3276,2025-11-29,40000,Accepted,2026-01-13
633,3278,2026-06-14,30000,Rejected,2026-07-12
634,3279,2026-08-30,35000,Rejected,2026-10-03
635,3286,2025-11-16,35000,Accepted,2025-12-31
636,3292,2026-01-11,35000,Accepted,2026-02-11
637,3293,2026-01-22,20000,Rejected,2026-02-23
638,3299,2026-06-15,35000,Rejected,2026-07-28
639,3303,2025-11-17,30000,Accepted,2025-12-05
640,3304,2026-01-14,35000,Accepted,2026-01-28
641,3305,2025-10-29,25000,Accepted,2025-12-07
642,3307,2025-11-14,35000,Accepted,2025-12-06
643,3311,2026-05-06,35000,Pending,2026-06-10
644,3312,2026-07-26,35000,Rejected,2026-08-19
645,3314,2026-03-01,35000,Accepted,2026-03-27
646,3316,2026-03-15,30000,Accepted,2026-04-16
647,3336,2025-10-11,35000,Accepted,2025-11-22
648,3337,2025-12-21,30000,Accepted,2026-01-15
649,3340,2026-09-14,20000,Pending,2026-10-07
650,3357,2026-07-03,25000,Accepted,2026-07-27
651,3364,2026-01-01,25000,Pending,2026-01-29
652,3378,2026-08-20,25000,Rejected,2026-09-08
653,3383,2026-06-26,25000,Pending,2026-07-30
654,3404,2026-05-27,35000,Accepted,2026-06-11
655,3411,2026-08-04,40000,Accepted,2026-08-19
656,3415,2025-12-15,20000,Pending,2025-12-31
657,3421,2026-03-20,30000,Accepted,2026-04-13
658,3422,2026-01-20,40000,Pending,2026-02-14
659,3423,2026-06-29,35000,Accepted,2026-08-05
660,3427,2025-10-15,40000,Accepted,2025-11-12
661,3428,2026-08-16,20000,Pending,2026-09-21
662,3429,2026-02-13,40000,Accepted,2026-03-09
663,3432,2026-05-19,30000,Accepted,2026-07-01
664,3433,2026-06-24,30000,Accepted,2026-07-20
665,3440,2026-10-04,25000,Rejected,2026-11-01
666,3442,2025-12-01,40000,Accepted,2026-01-07
667,3454,2026-02-09,30000,Rejected,2026-02-24
668,3458,2026-08-16,30000,Rejected,2026-09-16
669,3461,2026-06-11,20000,Accepted,2026-07-17
670,3463,2026-08-01,30000,Accepted,2026-08-26
671,3465,2025-11-27,25000,Accepted,2025-12-22
672,3470,2026-07-13,40000,Accepted,2026-07-27
673,3473,2026-06-13,40000,Rejected,2026-07-01
674,3475,2025-10-10,40000,Accepted,2025-11-12
675,3477,2025-10-10,30000,Accepted,2025-11-22
676,3482,2025-11-18,25000,Rejected,2025-12-24
677,3492,2026-04-07,30000,Accepted,2026-05-06
678,3497,2026-01-02,40000,Rejected,2026-01-18
679,3508,2026-03-31,35000,Accepted,2026-04-22
680,3519,2026-05-28,25000,Rejected,2026-07-02
681,3520,2025-10-12,20000,Rejected,2025-11-11
682,3531,2026-03-27,30000,Rejected,2026-04-13
683,3534,2026-03-05,30000,Rejected,2026-03-30
684,3539,2026-05-21,35000,Accepted,2026-06-30
685,3547,2025-12-07,40000,Rejected,2025-12-22
686,3550,2026-01-23,40000,Pending,2026-02-26
687,3558,2025-10-12,25000,Accepted,2025-10-28
688,3559,2026-08-21,25000,Accepted,2026-09-21
689,3569,2025-11-07,25000,Rejected,2025-12-11
690,3588,2026-05-10,30000,Accepted,2026-06-13
691,3592,2025-11-22,20000,Accepted,2026-01-01
692,3593,2026-01-21,20000,Pending,2026-02-23
693,3595,2026-05-28,25000,Accepted,2026-07-03
694,3601,2025-11-11,20000,Accepted,2025-12-02
695,3604,2026-05-09,40000,Accepted,2026-06-18
696,3611,2026-07-08,40000,Accepted,2026-07-23
697,3621,2026-09-19,25000,Accepted,2026-10-07
698,3625,2026-08-24,35000,Pending,2026-09-17
699,3626,2026-06-19,35000,Accepted,2026-07-21
700,3630,2026-10-11,35000,Accepted,2026-11-21
701,3632,2026-09-13,40000,Accepted,2026-10-07
702,3645,2026-09-21,20000,Accepted,2026-10-19
703,3651,2026-06-15,35000,Pending,2026-06-30
704,3664,2026-09-07,20000,Accepted,2026-09-23
705,3667,2026-06-18,30000,Accepted,2026-07-20
706,3673,2025-12-09,35000,Rejected,2026-01-15
707,3674,2026-04-30,20000,Pending,2026-05-20
708,3675,2026-04-23,20000,Accepted,2026-05-08
709,3676,2025-12-20,20000,Accepted,2026-01-07
710,3677,2026-01-24,20000,Accepted,2026-02-19
711,3680,2026-07-29,20000,Pending,2026-08-23
712,3686,2025-12-03,20000,Accepted,2025-12-30
713,3688,2025-12-29,20000,Accepted,2026-01-28
714,3690,2026-08-05,20000,Accepted,2026-09-17
715,3692,2025-12-06,20000,Accepted,2026-01-02
716,3693,2025-12-13,20000,Rejected,2026-01-19
717,3712,2026-07-02,40000,Accepted,2026-08-14
718,3718,2026-01-26,20000,Accepted,2026-03-07
719,3721,2026-05-15,20000,Accepted,2026-06-20
720,3727,2025-11-16,30000,Accepted,2025-12-14
721,3729,2026-07-07,40000,Accepted,2026-07-22
722,3735,2026-08-23,35000,Accepted,2026-09-14
723,3743,2026-10-12,20000,Accepted,2026-11-04
724,3747,2026-04-14,20000,Rejected,2026-05-22
725,3756,2026-02-02,20000,Pending,2026-02-23
726,3763,2026-05-06,25000,Pending,2026-06-16
727,3767,2025-11-22,25000,Rejected,2025-12-22
728,3768,2026-04-16,20000,Accepted,2026-05-16
729,3770,2026-05-20,30000,Accepted,2026-06-29
730,3772,2026-09-16,25000,Accepted,2026-10-31
731,3778,2026-06-06,20000,Accepted,2026-06-27
732,3786,2026-06-04,25000,Accepted,2026-06-22
733,3798,2025-12-13,30000,Accepted,2026-01-05
734,3802,2026-01-29,30000,Accepted,2026-03-03
735,3804,2026-02-13,40000,Accepted,2026-02-28
736,3809,2026-05-27,40000,Accepted,2026-06-12
737,3821,2026-10-13,30000,Accepted,2026-11-04
738,3824,2026-04-20,20000,Rejected,2026-05-30
739,3831,2026-05-18,20000,Accepted,2026-06-16
740,3832,2026-01-12,20000,Pending,2026-02-12
741,3849,2026-04-01,25000,Rejected,2026-04-22
742,3850,2025-10-16,40000,Pending,2025-11-06
743,3856,2026-01-03,40000,Accepted,2026-01-28
744,3858,2026-04-06,20000,Accepted,2026-05-09
745,3866,2026-09-17,40000,Rejected,2026-10-17
746,3869,2026-06-21,25000,Rejected,2026-07-21
747,3880,2025-10-15,25000,Rejected,2025-10-31
748,3885,2026-06-16,35000,Accepted,2026-07-11
749,3889,2026-05-18,40000,Accepted,2026-06-28
750,3900,2025-12-27,40000,Rejected,2026-01-27
751,3915,2026-08-17,30000,Rejected,2026-09-02
752,3919,2025-11-12,40000,Pending,2025-12-06
753,3925,2025-10-22,25000,Accepted,2025-12-04
754,3933,2026-03-15,35000,Accepted,2026-04-25
755,3934,2026-09-25,35000,Accepted,2026-10-23
756,3939,2026-03-27,20000,Accepted,2026-04-14
757,3944,2026-03-26,30000,Accepted,2026-04-17
758,3953,2025-12-12,30000,Accepted,2026-01-09
759,3966,2026-07-17,25000,Rejected,2026-08-14
760,3974,2025-10-25,40000,Pending,2025-12-07
761,3979,2026-03-18,25000,Accepted,2026-04-12
762,3991,2025-10-22,25000,Accepted,2025-11-29
763,3997,2026-04-15,40000,Accepted,2026-05-08
764,4008,2026-07-24,35000,Rejected,2026-08-15
765,4027,2026-03-09,40000,Accepted,2026-04-18
766,4030,2026-01-21,20000,Rejected,2026-02-09
767,4031,2026-07-21,40000,Accepted,2026-08-19
768,4033,2026-04-16,35000,Rejected,2026-05-11
769,4037,2025-12-19,35000,Rejected,2026-01-15
770,4040,2026-07-24,25000,Rejected,2026-09-02
771,4042,2025-12-12,20000,Accepted,2026-01-17
772,4047,2026-06-28,35000,Accepted,2026-08-06
773,4054,2026-03-22,30000,Accepted,2026-04-26
774,4056,2026-01-23,20000,Accepted,2026-02-07
775,4064,2026-02-12,40000,Rejected,2026-03-01
776,4065,2026-01-13,35000,Accepted,2026-01-29
777,4074,2025-12-10,30000,Accepted,2025-12-26
778,4075,2026-03-15,30000,Rejected,2026-04-16
779,4077,2026-07-22,20000,Accepted,2026-08-23
780,4083,2026-01-18,20000,Accepted,2026-02-27
781,4087,2026-06-05,25000,Accepted,2026-06-19
782,4090,2025-11-24,40000,Accepted,2025-12-13
783,4091,2026-08-06,30000,Rejected,2026-08-27
784,4102,2026-06-18,40000,Accepted,2026-08-02
785,4109,2026-06-24,25000,Accepted,2026-07-23
786,4115,2025-12-28,40000,Accepted,2026-01-28
787,4116,2026-03-04,35000,Pending,2026-04-17
788,4123,2026-03-03,20000,Accepted,2026-03-18
789,4127,2025-12-13,30000,Accepted,2026-01-27
790,4133,2026-09-03,30000,Rejected,2026-09-23
791,4136,2025-12-01,25000,Accepted,2025-12-23
792,4141,2026-09-10,40000,Accepted,2026-10-09
793,4148,2025-10-11,40000,Accepted,2025-11-06
794,4149,2026-07-23,30000,Accepted,2026-09-06
795,4161,2025-12-07,35000,Accepted,2026-01-13
796,4164,2026-09-07,30000,Pending,2026-10-04
797,4189,2026-02-27,30000,Rejected,2026-03-28
798,4197,2025-12-09,35000,Accepted,2025-12-31
799,4198,2026-09-09,20000,Accepted,2026-10-03
800,4207,2025-12-18,25000,Accepted,2026-01-02
801,4209,2025-11-02,20000,Accepted,2025-11-16
802,4217,2026-09-20,20000,Accepted,2026-10-13
803,4219,2025-12-14,30000,Accepted,2026-01-12
804,4220,2026-10-03,20000,Rejected,2026-11-11
805,4228,2026-05-05,35000,Accepted,2026-06-10
806,4237,2026-03-17,20000,Accepted,2026-04-22
807,4257,2026-09-10,35000,Accepted,2026-09-25
808,4268,2026-07-02,40000,Accepted,2026-08-02
809,4275,2026-02-07,35000,Accepted,2026-03-11
810,4291,2026-01-17,25000,Accepted,2026-02-09
811,4295,2026-01-26,25000,Pending,2026-03-09
812,4297,2026-02-03,30000,Accepted,2026-03-10
813,4300,2026-03-28,20000,Accepted,2026-05-05
814,4303,2026-06-08,35000,Accepted,2026-07-11
815,4309,2026-02-05,20000,Rejected,2026-02-28
816,4317,2026-09-14,40000,Accepted,2026-10-22
817,4318,2026-03-06,40000,Rejected,2026-04-05
818,4319,2025-10-15,30000,Rejected,2025-11-26
819,4321,2025-11-04,40000,Accepted,2025-11-22
820,4331,2026-01-02,40000,Accepted,2026-02-03
821,4335,2025-11-16,30000,Accepted,2025-12-19
822,4342,2025-11-17,35000,Accepted,2025-12-15
823,4343,2025-12-12,40000,Accepted,2025-12-28
824,4345,2025-10-13,30000,Accepted,2025-11-24
825,4355,2026-01-18,40000,Rejected,2026-03-02
826,4361,2026-03-24,20000,Accepted,2026-04-20
827,4365,2026-02-04,25000,Rejected,2026-03-06
828,4367,2026-03-19,40000,Accepted,2026-04-20
829,4399,2026-05-14,25000,Accepted,2026-06-18
830,4402,2026-01-13,30000,Accepted,2026-02-01
831,4404,2026-05-17,20000,Rejected,2026-06-10
832,4407,2026-05-11,40000,Accepted,2026-05-25
833,4412,2026-08-02,35000,Accepted,2026-08-17
834,4413,2025-11-02,40000,Rejected,2025-12-14
835,4414,2025-12-01,30000,Rejected,2025-12-23
836,4423,2026-03-30,40000,Accepted,2026-04-21
837,4436,2026-07-21,30000,Accepted,2026-08-25
838,4437,2026-01-27,30000,Accepted,2026-03-01
839,4443,2026-01-13,40000,Accepted,2026-02-10
840,4444,2026-08-04,30000,Accepted,2026-08-30
841,4445,2026-09-27,40000,Pending,2026-11-04
842,4446,2026-05-22,30000,Accepted,2026-06-21
843,4447,2025-11-21,25000,Accepted,2025-12-07
844,4453,2026-06-20,25000,Rejected,2026-07-18
845,4455,2026-09-10,20000,Rejected,2026-10-08
846,4473,2025-11-22,20000,Accepted,2025-12-18
847,4502,2026-10-05,40000,Accepted,2026-10-25
848,4508,2026-08-05,40000,Rejected,2026-09-19
849,4515,2025-12-25,30000,Pending,2026-01-12
850,4524,2025-10-13,25000,Accepted,2025-11-10
851,4530,2026-05-17,25000,Rejected,2026-06-04
852,4531,2025-11-06,30000,Accepted,2025-12-06
853,4532,2026-10-02,25000,Rejected,2026-10-29
854,4534,2026-05-07,30000,Accepted,2026-05-27
855,4544,2025-11-28,25000,Rejected,2025-12-31
856,4556,2025-10-20,25000,Accepted,2025-11-22
857,4562,2026-07-24,25000,Rejected,2026-08-09
858,4566,2025-10-22,20000,Rejected,2025-11-08
859,4577,2026-04-27,35000,Accepted,2026-06-08
860,4587,2026-09-12,30000,Accepted,2026-09-28
861,4588,2026-03-13,35000,Pending,2026-04-16
862,4589,2026-01-04,35000,Rejected,2026-02-01
863,4613,2025-10-21,20000,Accepted,2025-11-28
864,4615,2025-12-31,35000,Accepted,2026-01-30
865,4617,2026-06-09,20000,Accepted,2026-07-15
866,4619,2026-05-29,40000,Rejected,2026-06-21
867,4625,2026-08-06,30000,Accepted,2026-08-24
868,4631,2026-01-09,30000,Rejected,2026-02-02
869,4632,2026-03-22,20000,Accepted,2026-04-26
870,4638,2025-12-20,30000,Accepted,2026-01-31
871,4642,2026-03-17,35000,Accepted,2026-04-03
872,4661,2026-08-04,20000,Accepted,2026-09-12
873,4666,2026-01-17,20000,Accepted,2026-02-16
874,4678,2025-11-07,20000,Accepted,2025-11-24
875,4679,2026-07-17,30000,Accepted,2026-08-12
876,4683,2025-12-15,40000,Rejected,2026-01-26
877,4684,2026-10-04,35000,Accepted,2026-11-17
878,4685,2026-03-03,20000,Accepted,2026-04-02
879,4691,2026-10-04,20000,Accepted,2026-11-17
880,4707,2026-08-01,35000,Accepted,2026-08-27
881,4712,2025-10-19,25000,Accepted,2025-11-02
882,4714,2025-11-22,35000,Accepted,2025-12-16
883,4715,2025-11-03,30000,Rejected,2025-12-14
884,4727,2026-08-06,35000,Accepted,2026-09-13
885,4728,2026-10-11,30000,Accepted,2026-11-23
886,4729,2025-12-25,20000,Accepted,2026-01-24
887,4733,2026-08-27,40000,Rejected,2026-09-25
888,4735,2026-01-22,30000,Accepted,2026-02-27
889,4736,2026-07-21,25000,Accepted,2026-08-23
890,4746,2026-01-05,35000,Accepted,2026-02-04
891,4748,2026-03-23,35000,Accepted,2026-04-22
892,4751,2025-11-03,40000,Accepted,2025-11-29
893,4753,2025-10-07,35000,Accepted,2025-11-19
894,4756,2026-09-21,30000,Rejected,2026-10-08
895,4781,2025-11-28,25000,Accepted,2026-01-02
896,4788,2026-07-10,40000,Accepted,2026-08-15
897,4791,2026-06-24,25000,Accepted,2026-07-25
898,4793,2025-10-11,25000,Accepted,2025-11-23
899,4801,2026-07-27,25000,Accepted,2026-08-27
900,4804,2025-10-14,40000,Accepted,2025-11-13
901,4807,2026-07-30,40000,Accepted,2026-09-09
902,4808,2025-10-11,40000,Accepted,2025-10-27
903,4809,2025-12-12,25000,Accepted,2026-01-11
904,4810,2026-08-04,35000,Accepted,2026-09-15
905,4813,2026-08-09,40000,Accepted,2026-09-20
906,4821,2026-02-05,30000,Accepted,2026-02-24
907,4826,2026-08-25,25000,Accepted,2026-10-03
908,4829,2025-11-20,35000,Rejected,2025-12-17
909,4831,2026-09-19,40000,Rejected,2026-10-18
910,4833,2025-12-21,20000,Accepted,2026-01-22
911,4842,2026-02-06,35000,Pending,2026-02-27
912,4843,2026-02-21,35000,Accepted,2026-03-14
913,4845,2026-02-04,40000,Accepted,2026-03-15
914,4846,2026-01-27,35000,Accepted,2026-03-09
915,4856,2026-03-21,40000,Accepted,2026-04-08
916,4862,2026-01-12,40000,Accepted,2026-02-24
917,4870,2026-09-14,35000,Accepted,2026-10-29
918,4871,2026-05-27,35000,Accepted,2026-06-12
919,4872,2026-03-16,20000,Accepted,2026-04-27
920,4888,2025-12-07,35000,Accepted,2026-01-12
921,4894,2026-07-02,25000,Accepted,2026-08-08
922,4899,2026-03-16,40000,Pending,2026-04-08
923,4907,2025-12-29,40000,Accepted,2026-01-13
924,4910,2026-09-30,25000,Accepted,2026-10-18
925,4912,2025-11-09,30000,Accepted,2025-12-14
926,4914,2025-12-31,20000,Pending,2026-02-13
927,4916,2026-06-15,40000,Accepted,2026-07-19
928,4920,2026-01-09,40000,Rejected,2026-01-27
929,4929,2026-08-05,20000,Rejected,2026-09-09
930,4932,2026-02-12,35000,Accepted,2026-02-26
931,4933,2025-12-02,35000,Accepted,2026-01-15
932,4938,2026-08-09,25000,Rejected,2026-08-30
933,4952,2026-02-12,30000,Rejected,2026-03-23
934,4963,2026-02-18,25000,Accepted,2026-03-16
935,4967,2025-10-15,30000,Rejected,2025-11-08
936,4969,2025-11-15,30000,Pending,2025-12-13
937,4970,2026-02-09,20000,Accepted,2026-03-06
938,4971,2026-07-27,30000,Accepted,2026-08-31
939,4978,2026-06-27,30000,Accepted,2026-07-15
940,4983,2026-01-09,35000,Rejected,2026-02-20
941,4984,2026-06-27,20000,Accepted,2026-08-10
942,4989,2026-09-23,30000,Accepted,2026-10-15
943,4991,2026-08-09,20000,Accepted,2026-08-25
944,4996,2026-02-28,30000,Rejected,2026-03-27
945,5000,2026-06-26,35000,Accepted,2026-07-22
